"回测数据基于BINANCE交易所的btcusdt的1m分钟数据,开始时间为：2018-01-01 00:00:00,结束时间为：2020-07-01 00:00:00，'
'交易手续费设置为：0.002,滑点为：0.5,合约乘数为：1,盘口一跳为：0.5,合约方向：False(注：F 正向，T 反向)。'
'策略名为：BollVixV1,回测指标为：total_net_pnl。'
'回测时间为：2020-10-17 ，算法类型：EX
版本号：1.0，本次版本升级内容为：动态止盈止损 '
"
参数,总盈亏,总盈亏,Sharpe Ratio,收益回撤比,年化收益,收益标准差,百分比最大回撤,最长回撤天数,日均成交笔数,日均滑点
"{'open_window': 15, 'boll_length': 530}",17904.300859999996,17904.300859999996,1.1143562703985512,6.00668561271271,47.744802293333336,1.5851459531833503,-29.80728810262162,15,0.23555555555555555,0.11777777777777777
"{'open_window': 45, 'boll_length': 130}",17290.695580000003,17290.695580000003,1.320149019702568,16.885898668285424,46.10852154666658,1.3090519425232041,-10.239724825824533,105,0.34,0.17
"{'open_window': 45, 'boll_length': 180}",17013.776560000002,17013.776560000002,1.1073565370116396,6.511242228528809,45.370070826666655,1.5447491813268792,-26.129847366842924,13,0.2311111111111111,0.11555555555555555
"{'open_window': 15, 'boll_length': 550}",16915.683919999996,16915.683919999996,1.1865768792522045,10.872617518969095,45.10849045333331,1.4363386523249078,-15.558060320330183,145,0.2311111111111111,0.11555555555555555
"{'open_window': 45, 'boll_length': 120}",16487.23018000001,16487.23018000001,1.2203284867173905,11.699305261917806,43.965947146666686,1.373978503377416,-14.092486528808926,99,0.36444444444444446,0.18222222222222223
"{'open_window': 15, 'boll_length': 460}",16475.09782,16475.09782,1.0826282079838525,6.0331068093869975,43.93359418666663,1.5480074036533904,-27.307817249921957,142,0.3088888888888889,0.15444444444444444
"{'open_window': 15, 'boll_length': 560}",16440.86002,16440.86002,1.171608896524471,11.550205367612813,43.84229338666664,1.4285390063180068,-14.234257744109682,145,0.2311111111111111,0.11555555555555555
"{'open_window': 15, 'boll_length': 500}",16285.429079999998,16285.429079999998,1.165235514602378,9.99312213498152,43.42781087999994,1.427643101432224,-16.296637687426895,144,0.2688888888888889,0.13444444444444445
"{'open_window': 15, 'boll_length': 390}",16125.367759999997,16125.367759999997,1.2111947393387112,13.443740246465618,43.00098069333334,1.3647901374900084,-11.994703456308887,151,0.34444444444444444,0.17222222222222222
"{'open_window': 30, 'boll_length': 280}",15922.798599999998,15922.798599999998,1.1434257590058126,11.334926341650455,42.460796266666655,1.4339609769776958,-14.047553658545883,144,0.22666666666666666,0.11333333333333333
"{'open_window': 15, 'boll_length': 360}",15885.124079999998,15885.124079999998,1.1428580438642062,11.30117454832077,42.36033087999995,1.4324827512741987,-14.056170898059737,99,0.37333333333333335,0.18666666666666668
"{'open_window': 45, 'boll_length': 190}",15674.373900000002,15674.373900000002,1.11243957909109,10.13994148782208,41.79833039999999,1.459002806766495,-15.458051625667357,237,0.2288888888888889,0.11444444444444445
"{'open_window': 45, 'boll_length': 160}",15607.844200000003,15607.844200000003,1.065376054399901,6.654066578968966,41.62091786666666,1.5192628189592678,-23.45609863497699,31,0.28444444444444444,0.14222222222222222
"{'open_window': 15, 'boll_length': 540}",15590.784279999994,15590.784279999994,0.9934512025561839,5.204703838188008,41.57542474666666,1.628101204917197,-29.955180476566472,15,0.24222222222222223,0.12111111111111111
"{'open_window': 60, 'boll_length': 90}",15300.853159999999,15300.853159999999,1.0224958390156251,10.616956068999507,40.802275093333336,1.5626723750044407,-14.41171373467111,52,0.3622222222222222,0.1811111111111111
"{'open_window': 30, 'boll_length': 270}",15228.23028,15228.23028,0.9757340030518915,5.137600509362594,40.60861407999998,1.6324920977283057,-29.640744258430697,144,0.23555555555555555,0.11777777777777777
"{'open_window': 15, 'boll_length': 370}",15137.631659999997,15137.631659999997,1.1075349697950412,10.779173659869713,40.36701775999996,1.4326277807893584,-14.043406422105043,99,0.38,0.19
"{'open_window': 45, 'boll_length': 110}",15133.847000000007,15133.847000000007,1.013871928622012,7.2082586486426194,40.35692533333335,1.5647204967695016,-20.99514978260366,11,0.39555555555555555,0.19777777777777777
"{'open_window': 15, 'boll_length': 470}",15107.668819999995,15107.668819999995,1.0239685026494805,6.128460701822021,40.28711685333331,1.547540183986432,-24.651653253660267,19,0.3022222222222222,0.1511111111111111
"{'open_window': 30, 'boll_length': 250}",14957.57704,14957.57704,1.0670312426716058,8.06118245539841,39.88687210666666,1.4754128126577708,-18.555065739745434,197,0.2688888888888889,0.13444444444444445
"{'open_window': 15, 'boll_length': 380}",14951.67812,14951.67812,1.1101423915016861,11.433769929183233,39.87114165333331,1.4177502651513063,-13.07677014021224,151,0.3622222222222222,0.1811111111111111
"{'open_window': 30, 'boll_length': 290}",14933.59402,14933.59402,1.0585174476440977,9.765229661685794,39.822917386666674,1.4857163332676926,-15.292619362135905,237,0.21777777777777776,0.10888888888888888
"{'open_window': 15, 'boll_length': 580}",14906.124379999997,14906.124379999997,1.0644787889535292,9.823320621444084,39.74966501333328,1.475613442415803,-15.174221583952225,237,0.22666666666666666,0.11333333333333333
"{'open_window': 15, 'boll_length': 520}",14818.019819999998,14818.019819999998,0.9512619633086972,5.206701923297215,39.514719520000014,1.644824815446642,-28.459512448172354,15,0.26222222222222225,0.13111111111111112
"{'open_window': 30, 'boll_length': 180}",14805.952960000004,14805.952960000004,1.0809493854251442,9.558283818186547,39.48254122666666,1.44671172270641,-15.4901792430862,52,0.36666666666666664,0.18333333333333332
"{'open_window': 45, 'boll_length': 240}",14799.921260000003,14799.921260000003,0.9957294887380409,6.756190462644285,39.466456693333335,1.5701087140006529,-21.905719416630394,137,0.17555555555555555,0.08777777777777777
"{'open_window': 45, 'boll_length': 170}",14798.215400000001,14798.215400000001,0.9857937204659111,5.945544683996863,39.461907733333334,1.585813653812898,-24.889587391094963,31,0.26,0.13
"{'open_window': 15, 'boll_length': 480}",14717.722999999998,14717.722999999998,1.0162581543945395,5.8884475629938615,39.24726133333332,1.5327688191723718,-24.99423293245235,22,0.29555555555555557,0.14777777777777779
"{'open_window': 30, 'boll_length': 260}",14677.124259999997,14677.124259999997,0.9606385287534509,5.400760120366479,39.13899802666664,1.6185684529906874,-27.176034359778317,144,0.25555555555555554,0.12777777777777777
"{'open_window': 45, 'boll_length': 140}",14653.2851,14653.2851,1.0251076015506675,6.120556528924846,39.075426933333326,1.515153664502438,-23.941099197026833,105,0.32666666666666666,0.16333333333333333
"{'open_window': 15, 'boll_length': 570}",14649.150439999998,14649.150439999998,1.0547225815823167,8.772196928000776,39.06440117333327,1.4723367587973033,-16.699523004596507,237,0.2311111111111111,0.11555555555555555
"{'open_window': 15, 'boll_length': 350}",14605.315460000005,14605.315460000005,1.0413346159596257,7.536848884289284,38.94750789333331,1.4883236828449464,-19.378543585297393,52,0.38222222222222224,0.19111111111111112
"{'open_window': 45, 'boll_length': 230}",14566.535060000006,14566.535060000006,1.0102064676437608,7.3193411220559925,38.844093493333354,1.5314966800139214,-19.90142940066754,137,0.18,0.09
"{'open_window': 30, 'boll_length': 230}",14548.665439999997,14548.665439999997,0.9632880957043504,4.968236434743319,38.79644117333329,1.604790213405903,-29.28335966110605,194,0.30666666666666664,0.15333333333333332
"{'open_window': 15, 'boll_length': 770}",14541.403920000004,14541.403920000004,1.1792539443880847,8.211077317597084,38.77707712,1.310460796644077,-17.709495791540594,137,0.16444444444444445,0.08222222222222222
"{'open_window': 30, 'boll_length': 210}",14536.788900000001,14536.788900000001,1.0131544096868599,5.743624755024354,38.764770399999975,1.5249820977183788,-25.309433537216435,151,0.32666666666666666,0.16333333333333333
"{'open_window': 15, 'boll_length': 780}",14447.966140000002,14447.966140000002,1.1692631652633843,8.546551699597703,38.52790970666665,1.3160423644149513,-16.905023976722774,137,0.1622222222222222,0.0811111111111111
"{'open_window': 15, 'boll_length': 430}",14405.847819999995,14405.847819999995,0.9954930545203663,5.609856815019361,38.41559418666665,1.5427850960778824,-25.67952854238808,148,0.32666666666666666,0.16333333333333333
"{'open_window': 60, 'boll_length': 140}",14324.531500000001,14324.531500000001,0.9458718194083762,7.611803422183949,38.1987506666667,1.6176474046377736,-18.818840563134344,145,0.22666666666666666,0.11333333333333333
"{'open_window': 15, 'boll_length': 490}",14288.126359999995,14288.126359999995,0.9588939091777201,5.229532812776516,38.10167029333332,1.5929905685978116,-27.321993897986463,31,0.2911111111111111,0.14555555555555555
"{'open_window': 30, 'boll_length': 240}",14157.27274,14157.27274,0.9754582108177475,5.644108069962308,37.75272730666664,1.5564071601643978,-25.083277223808604,237,0.29555555555555557,0.14777777777777779
"{'open_window': 15, 'boll_length': 340}",14078.232820000003,14078.232820000003,1.0385141198595915,7.4646660363336945,37.54195418666667,1.456474104034856,-18.85982943037943,52,0.38666666666666666,0.19333333333333333
"{'open_window': 15, 'boll_length': 420}",14060.264879999997,14060.264879999997,1.0117973829775246,6.046471467878463,37.49403967999999,1.4936626247848206,-23.25366944125075,151,0.3333333333333333,0.16666666666666666
"{'open_window': 45, 'boll_length': 870}",14035.388759999998,14035.388759999998,1.0112896815217232,7.670857903344019,37.42770336000001,1.4926517571346616,-18.297026143427118,5,0.03888888888888889,0.019444444444444445
"{'open_window': 15, 'boll_length': 740}",14029.07802,14029.07802,1.0267853738417148,7.143154524396319,37.41087472,1.4696852402306355,-19.639891552234932,137,0.17777777777777778,0.08888888888888889
"{'open_window': 15, 'boll_length': 510}",13992.290499999997,13992.290499999997,0.9206827331898914,5.017977340170666,37.31277466666666,1.6361923132967329,-27.88432380510532,144,0.2688888888888889,0.13444444444444445
"{'open_window': 15, 'boll_length': 400}",13931.491079999998,13931.491079999998,1.0223110192030633,6.716891870661699,37.15064287999995,1.4692656094793137,-20.740978637530986,151,0.3422222222222222,0.1711111111111111
"{'open_window': 45, 'boll_length': 60}",13906.743020000009,13906.743020000009,0.9139443631582265,6.373948487607833,37.08464805333334,1.6415281965462583,-21.81809759999999,112,0.7422222222222222,0.3711111111111111
"{'open_window': 15, 'boll_length': 810}",13865.480180000002,13865.480180000002,1.0863198934004485,7.373287687945825,36.97461381333335,1.3783158074487176,-18.805017201034897,134,0.16,0.08
"{'open_window': 15, 'boll_length': 760}",13854.357900000003,13854.357900000003,1.0477503814490765,7.3520361343681335,36.9449544,1.4282881809943853,-18.844246201723415,137,0.1688888888888889,0.08444444444444445
"{'open_window': 15, 'boll_length': 200}",13800.064180000005,13800.064180000005,0.9245060551364609,5.453351798939882,36.80017114666665,1.6144482648751142,-25.305655473543244,323,0.7111111111111111,0.35555555555555557
"{'open_window': 15, 'boll_length': 790}",13794.26696,13794.26696,1.122079249706298,7.901846845703051,36.784711893333316,1.329806130273512,-17.4570163524508,137,0.1622222222222222,0.0811111111111111
"{'open_window': 30, 'boll_length': 170}",13786.045600000003,13786.045600000003,1.0212203105456674,7.001550548772926,36.76278826666669,1.4605594862754634,-19.689989387302383,52,0.38222222222222224,0.19111111111111112
"{'open_window': 45, 'boll_length': 220}",13733.765020000003,13733.765020000003,0.9455382328887559,7.2512462728193565,36.623373386666685,1.5734588038150306,-18.93986840783465,137,0.18666666666666668,0.09333333333333334
"{'open_window': 15, 'boll_length': 330}",13719.702200000003,13719.702200000003,0.9404319200976822,6.869099482573229,36.58587253333332,1.5809174447285121,-19.973072503618,163,0.4111111111111111,0.20555555555555555
"{'open_window': 15, 'boll_length': 830}",13709.406340000001,13709.406340000001,1.0718595734793444,7.412104035655178,36.55841690666664,1.3863736795794395,-18.495971284337454,134,0.15555555555555556,0.07777777777777778
"{'open_window': 45, 'boll_length': 820}",13696.97268,13696.97268,0.979676961928121,7.427697005728887,36.52526048,1.5159027169343051,-18.440403087842302,156,0.04555555555555556,0.02277777777777778
"{'open_window': 15, 'boll_length': 840}",13664.49436,13664.49436,1.0679402782960061,8.0173766846312,36.43865162666666,1.3884054993087345,-17.043597797012534,134,0.15555555555555556,0.07777777777777778
"{'open_window': 60, 'boll_length': 130}",13663.218959999998,13663.218959999998,0.8567083018357627,4.843425379920934,36.43525056000002,1.7306256734413445,-28.209826493131708,144,0.2511111111111111,0.12555555555555556
"{'open_window': 15, 'boll_length': 720}",13662.013620000002,13662.013620000002,0.9020645872277776,5.819615838472389,36.43203632,1.6435116962856255,-23.475799776478354,137,0.18222222222222223,0.09111111111111111
"{'open_window': 45, 'boll_length': 880}",13567.50392,13567.50392,0.9754079737134882,7.173208588752771,36.180010453333324,1.5128692133908173,-18.914135497569607,86,0.04111111111111111,0.020555555555555556
"{'open_window': 45, 'boll_length': 830}",13533.59364,13533.59364,0.9512569902778228,7.182676251260545,36.08958304,1.5486731584515478,-18.84199310476354,156,0.04555555555555556,0.02277777777777778
"{'open_window': 30, 'boll_length': 360}",13485.357320000006,13485.357320000006,0.9136026124013856,5.6750613549079745,35.960952853333346,1.6086363598139493,-23.762487269564826,137,0.17777777777777778,0.08888888888888889
"{'open_window': 15, 'boll_length': 820}",13470.278380000005,13470.278380000005,1.0624208151006382,6.975593927286703,35.920742346666664,1.3822666267470647,-19.310582755265877,134,0.16,0.08
"{'open_window': 15, 'boll_length': 180}",13462.357540000008,13462.357540000008,0.9230565168764379,7.26110615164705,35.89962010666667,1.5903336271171298,-18.54036734739969,323,0.7733333333333333,0.38666666666666666
"{'open_window': 15, 'boll_length': 750}",13458.320280000002,13458.320280000002,0.987801887417077,6.709848165957655,35.888854080000016,1.485795498484446,-20.05756307315664,137,0.17555555555555555,0.08777777777777777
"{'open_window': 15, 'boll_length': 850}",13455.991539999999,13455.991539999999,1.0603517265480535,7.608227592687408,35.882644106666646,1.3839754055953972,-17.68610543792502,134,0.15555555555555556,0.07777777777777778
"{'open_window': 45, 'boll_length': 270}",13434.124800000005,13434.124800000005,1.0337196417075882,6.833676950604723,35.824332799999986,1.4180781761913117,-19.658706282290954,134,0.15555555555555556,0.07777777777777778
"{'open_window': 15, 'boll_length': 410}",13432.347199999997,13432.347199999997,0.9731036088349672,5.946168690740833,35.81959253333331,1.5062781336324405,-22.589919490370956,145,0.3377777777777778,0.1688888888888889
"{'open_window': 15, 'boll_length': 710}",13392.32572,13392.32572,0.8877167419966795,5.731606339059707,35.71286858666665,1.647847958152712,-23.36574587953481,137,0.18666666666666668,0.09333333333333334
"{'open_window': 60, 'boll_length': 680}",13378.0951,13378.0951,0.9319502187482573,6.495835558967771,35.674920266666675,1.568511613056777,-20.59487956330881,86,0.043333333333333335,0.021666666666666667
"{'open_window': 60, 'boll_length': 180}",13373.194200000002,13373.194200000002,0.9190353712685131,6.001634504207116,35.661851200000044,1.5901606142287517,-22.282586836345118,137,0.1688888888888889,0.08444444444444445
"{'open_window': 30, 'boll_length': 390}",13344.121260000004,13344.121260000004,1.1055028615973228,7.430634870655888,35.584323360000006,1.3200069244761397,-17.9582518752158,137,0.1622222222222222,0.0811111111111111
"{'open_window': 45, 'boll_length': 840}",13248.221879999997,13248.221879999997,0.9167215891557715,7.106425633764437,35.328591679999995,1.5841074873195995,-18.642595536431596,156,0.04555555555555556,0.02277777777777778
"{'open_window': 30, 'boll_length': 400}",13206.594940000004,13206.594940000004,1.0701327212614737,7.094253775688144,35.21758650666668,1.3541317200468628,-18.6159043044932,134,0.15777777777777777,0.07888888888888888
"{'open_window': 60, 'boll_length': 610}",13171.05762,13171.05762,0.939244425118451,7.193371183540255,35.12282032000003,1.5400279824850944,-18.309993025436796,156,0.04555555555555556,0.02277777777777778
"{'open_window': 60, 'boll_length': 660}",13149.31988,13149.31988,0.9408232014411019,7.006834618698789,35.064853013333334,1.5357264669191257,-18.766419639631668,5,0.043333333333333335,0.021666666666666667
"{'open_window': 15, 'boll_length': 800}",13121.03628,13121.03628,1.056033059572573,7.247744531695853,34.98943008000001,1.3661908535890614,-18.103613093175483,137,0.1622222222222222,0.0811111111111111
"{'open_window': 30, 'boll_length': 190}",13016.282120000005,13016.282120000005,1.0149623341999405,8.618373778651993,34.71008565333336,1.413772856988727,-15.10294453953922,52,0.35555555555555557,0.17777777777777778
"{'open_window': 15, 'boll_length': 310}",13009.30566,13009.30566,0.8484504929787082,5.851863941981118,34.691481759999995,1.690616460276106,-22.231046020519347,13,0.4488888888888889,0.22444444444444445
"{'open_window': 45, 'boll_length': 260}",12983.107740000003,12983.107740000003,1.0146329041423647,6.524584495855425,34.621620640000025,1.4117848737140424,-19.89875025489699,137,0.16444444444444445,0.08222222222222222
"{'open_window': 60, 'boll_length': 690}",12950.18736,12950.18736,0.9442966685950475,6.044397235456028,34.533832960000005,1.5143292208153585,-21.425109660290154,86,0.043333333333333335,0.021666666666666667
"{'open_window': 45, 'boll_length': 890}",12922.732799999998,12922.732799999998,0.9137048338328357,6.247319768861164,34.4606208,1.5627756216610107,-20.685243077217592,86,0.043333333333333335,0.021666666666666667
"{'open_window': 15, 'boll_length': 730}",12917.75844,12917.75844,0.8653651621163174,5.464768558776802,34.447355840000036,1.6496412432623582,-23.638253479652285,137,0.18222222222222223,0.09111111111111111
"{'open_window': 15, 'boll_length': 590}",12790.235640000003,12790.235640000003,0.9316856558444663,6.192978372452498,34.107295039999954,1.5219051811667659,-20.652802045770567,237,0.23333333333333334,0.11666666666666667
"{'open_window': 45, 'boll_length': 850}",12762.406559999998,12762.406559999998,0.8910186899659174,6.915590893316593,34.033084159999994,1.5890059918307375,-18.454542434448975,156,0.04555555555555556,0.02277777777777778
"{'open_window': 45, 'boll_length': 860}",12708.7874,12708.7874,0.9001289671857696,6.900728562844598,33.89009973333334,1.5684135800820695,-18.416587878021424,156,0.04555555555555556,0.02277777777777778
"{'open_window': 45, 'boll_length': 150}",12684.88292,12684.88292,0.8539650296384353,3.984630696427798,33.82635445333335,1.651076488203967,-31.8345259232479,102,0.30444444444444446,0.15222222222222223
"{'open_window': 60, 'boll_length': 670}",12673.119999999999,12673.119999999999,0.8963369672888727,6.2007001702577265,33.79498666666668,1.5720301999033701,-20.438208028164112,86,0.04555555555555556,0.02277777777777778
"{'open_window': 60, 'boll_length': 620}",12651.6165,12651.6165,0.9010689602615096,6.868778982156605,33.737644000000024,1.5619620029273587,-18.4190181877533,156,0.04555555555555556,0.02277777777777778
"{'open_window': 45, 'boll_length': 200}",12574.846960000003,12574.846960000003,0.912959065601997,6.014815924206875,33.53292522666669,1.53521861483299,-20.906453528182002,237,0.22444444444444445,0.11222222222222222
"{'open_window': 15, 'boll_length': 690}",12545.92524,12545.92524,0.867597426906548,5.70046604986818,33.45580063999999,1.612942848345816,-22.008595666121217,145,0.19111111111111112,0.09555555555555556
"{'open_window': 30, 'boll_length': 350}",12536.132599999999,12536.132599999999,0.8872692213275368,5.928892969513984,33.42968693333334,1.5763392045660136,-21.14413713396422,137,0.18666666666666668,0.09333333333333334
"{'open_window': 45, 'boll_length': 290}",12514.521520000006,12514.521520000006,1.009061707342405,7.546329535719047,33.37205738666665,1.3844404031019573,-16.583587372861203,127,0.14444444444444443,0.07222222222222222
"{'open_window': 60, 'boll_length': 700}",12316.33036,12316.33036,0.9121199825455945,5.750781439237792,32.843547626666684,1.5148952153220023,-21.416794378526085,86,0.04555555555555556,0.02277777777777778
"{'open_window': 45, 'boll_length': 210}",12314.39472,12314.39472,0.8895208851676081,6.556190845459651,32.83838592000001,1.553214671137852,-18.78284969164385,244,0.2111111111111111,0.10555555555555556
"{'open_window': 15, 'boll_length': 860}",12286.2373,12286.2373,0.9537171255946486,5.917822787102198,32.76329946666667,1.4463863816035882,-20.76141469930067,127,0.15333333333333332,0.07666666666666666
"{'open_window': 30, 'boll_length': 200}",12177.931280000004,12177.931280000004,0.9060779353280536,5.668155718950553,32.47448341333333,1.5131786853734361,-21.484821313721277,52,0.3422222222222222,0.1711111111111111
"{'open_window': 60, 'boll_length': 720}",12132.73056,12132.73056,0.8874668791577757,5.815472242804157,32.353948159999995,1.5409544246643692,-20.86284665017974,113,0.04111111111111111,0.020555555555555556
"{'open_window': 15, 'boll_length': 650}",12123.91362,12123.91362,0.8470016260855854,5.919725116931171,32.33043632,1.6137633231800084,-20.480534789232113,244,0.19555555555555557,0.09777777777777778
"{'open_window': 30, 'boll_length': 300}",12114.80792,12114.80792,0.8780664982934099,6.967634552315238,32.30615445333335,1.5558634306662555,-17.387260811453494,244,0.2222222222222222,0.1111111111111111
"{'open_window': 45, 'boll_length': 900}",12084.66794,12084.66794,0.9102769999273846,5.918557503592033,32.22578117333333,1.4982296399764572,-20.41826565453777,69,0.04555555555555556,0.02277777777777778
"{'open_window': 60, 'boll_length': 120}",12062.756599999997,12062.756599999997,0.787643975147884,4.348108654204844,32.167350933333346,1.729328682382512,-27.74253717954978,237,0.28444444444444444,0.14222222222222222
"{'open_window': 15, 'boll_length': 450}",12056.922779999994,12056.922779999994,0.8459435456422234,4.450652525557695,32.15179407999998,1.6096110817967513,-27.09023611877942,102,0.3244444444444444,0.1622222222222222
"{'open_window': 60, 'boll_length': 650}",12047.18156,12047.18156,0.8654095079402241,6.442181809946146,32.125817493333365,1.5725269006205793,-18.700468126187083,156,0.04555555555555556,0.02277777777777778
"{'open_window': 45, 'boll_length': 280}",12045.957560000003,12045.957560000003,0.9319383856877542,5.943831437420238,32.12255349333333,1.4601653780609858,-20.266317587950013,134,0.15555555555555556,0.07777777777777778
"{'open_window': 45, 'boll_length': 810}",12043.09578,12043.09578,0.9031963999723482,5.120998957016605,32.11492208,1.5063841108477392,-23.517083055638967,197,0.04777777777777778,0.02388888888888889
"{'open_window': 45, 'boll_length': 910}",12029.481580000001,12029.481580000001,0.9000110635168157,5.822353535665265,32.07861754666666,1.5105339386157115,-20.660857342846846,69,0.04555555555555556,0.02277777777777778
"{'open_window': 60, 'boll_length': 640}",12022.118579999998,12022.118579999998,0.8360169765034727,6.416238986570261,32.058982880000016,1.6254715790248866,-18.737018064887128,156,0.04555555555555556,0.02277777777777778
"{'open_window': 30, 'boll_length': 100}",12010.655600000006,12010.655600000006,0.8562547137886168,5.536147595502562,32.028414933333394,1.5860065855139782,-21.69497,108,0.7088888888888889,0.35444444444444445
"{'open_window': 15, 'boll_length': 700}",11996.107779999998,11996.107779999998,0.8297262924599167,5.415329229816943,31.98962074666668,1.635343546857491,-22.152130130794497,137,0.19111111111111112,0.09555555555555556
"{'open_window': 45, 'boll_length': 920}",11976.5373,11976.5373,0.887272699309342,5.704380247250456,31.937432800000003,1.5275521845835645,-20.995334779396522,69,0.04555555555555556,0.02277777777777778
"{'open_window': 15, 'boll_length': 660}",11927.235499999999,11927.235499999999,0.8157895350992873,5.903909706659326,31.805961333333325,1.656664323204105,-20.20226611282122,145,0.19777777777777777,0.09888888888888889
"{'open_window': 45, 'boll_length': 930}",11904.333320000002,11904.333320000002,0.8770865731206654,5.551934404788285,31.744888853333343,1.5388339749911903,-21.441775878571388,69,0.04555555555555556,0.02277777777777778
"{'open_window': 60, 'boll_length': 200}",11903.464380000003,11903.464380000003,0.9821085086666126,5.542860816925795,31.74257168,1.3742089798103325,-21.47530810019861,134,0.15555555555555556,0.07777777777777778
"{'open_window': 45, 'boll_length': 70}",11884.87194000001,11884.87194000001,0.7741669168991486,4.986663725908969,31.692991840000044,1.7414339971746386,-23.833313400000005,321,0.6577777777777778,0.3288888888888889
"{'open_window': 30, 'boll_length': 90}",11847.772460000007,11847.772460000007,0.8234750421238287,5.630629209425282,31.594059893333377,1.6336136891155337,-21.04164920000001,321,0.7533333333333333,0.37666666666666665
"{'open_window': 30, 'boll_length': 410}",11703.958160000006,11703.958160000006,0.9429852564055777,5.664578907007545,31.210555093333326,1.4145204306887964,-20.66165614803467,134,0.15777777777777777,0.07888888888888888
"{'open_window': 60, 'boll_length': 710}",11698.79938,11698.79938,0.8589262836955208,5.272306873867884,31.196798346666665,1.5524763282087524,-22.189147293350725,113,0.04555555555555556,0.02277777777777778
"{'open_window': 15, 'boll_length': 440}",11685.129559999998,11685.129559999998,0.8242152315666941,4.277889095647983,31.16034549333334,1.616541321529232,-27.315176477781094,148,0.3288888888888889,0.16444444444444445
"{'open_window': 30, 'boll_length': 220}",11670.332180000001,11670.332180000001,0.8242406918718501,4.349905315301445,31.120885813333356,1.6150658453111149,-26.82893381368064,194,0.32666666666666666,0.16333333333333333
"{'open_window': 15, 'boll_length': 250}",11630.364800000005,11630.364800000005,0.7853310534215536,4.966541909207093,31.01430613333334,1.6910388922966935,-23.417430100487735,13,0.5511111111111111,0.27555555555555555
"{'open_window': 15, 'boll_length': 870}",11604.819440000003,11604.819440000003,0.900298591743709,5.252149553937714,30.94618517333333,1.472834998929583,-22.09537127765045,127,0.15555555555555556,0.07777777777777778
"{'open_window': 60, 'boll_length': 100}",11504.051999999996,11504.051999999996,0.8091846264674435,4.967665018854019,30.677471999999998,1.62873092584148,-23.15786583100534,53,0.33555555555555555,0.16777777777777778
"{'open_window': 15, 'boll_length': 880}",11469.427620000002,11469.427620000002,0.8919774374273378,5.0934954617782155,30.585140319999983,1.474443381169184,-22.517792949983004,127,0.14666666666666667,0.07333333333333333
"{'open_window': 30, 'boll_length': 130}",11459.604240000002,11459.604240000002,0.7170675674887739,3.3198779785674373,30.55894464000003,1.832996654656865,-34.51814890180076,13,0.5111111111111111,0.25555555555555554
"{'open_window': 60, 'boll_length': 920}",11454.197,11454.197,0.7607074975651743,4.1088286807092125,30.544525333333322,1.7272718808903673,-27.87703720473184,58,0.028888888888888888,0.014444444444444444
"{'open_window': 30, 'boll_length': 110}",11432.367220000004,11432.367220000004,0.7468900405821723,4.071004940870412,30.486312586666685,1.7568801928426019,-28.082420400000004,14,0.6266666666666667,0.31333333333333335
"{'open_window': 15, 'boll_length': 240}",11348.128220000006,11348.128220000006,0.7626345490158456,4.226857757116358,30.261675253333358,1.7117207600807032,-26.847669999999997,17,0.5777777777777777,0.28888888888888886
"{'open_window': 60, 'boll_length': 50}",11330.95442,11330.95442,0.8503060271126918,5.656010337091981,30.2158784533334,1.5336032514686921,-20.033475444151673,323,0.6955555555555556,0.3477777777777778
"{'open_window': 60, 'boll_length': 910}",11298.778179999998,11298.778179999998,0.7479449950906815,4.055977490874191,30.130075146666663,1.740012484120654,-27.857102770964236,58,0.028888888888888888,0.014444444444444444
"{'open_window': 60, 'boll_length': 930}",11245.529999999999,11245.529999999999,0.7450656799132412,3.94761783378519,29.98807999999999,1.7409536647368475,-28.486876069300692,222,0.028888888888888888,0.014444444444444444
"{'open_window': 15, 'boll_length': 890}",11242.1172,11242.1172,0.8689122123682717,4.596999681297124,29.978979199999962,1.4924963397742754,-24.455336043938612,130,0.14444444444444443,0.07222222222222222
"{'open_window': 60, 'boll_length': 940}",11225.76794,11225.76794,0.7396704420730179,3.8568484677856265,29.935381173333333,1.7514867065337507,-29.106064274402694,222,0.028888888888888888,0.014444444444444444
"{'open_window': 15, 'boll_length': 220}",11179.290060000003,11179.290060000003,0.7423949984158966,4.879851837573857,29.811440160000018,1.7399762176481253,-22.9090768164758,77,0.6444444444444445,0.32222222222222224
"{'open_window': 15, 'boll_length': 300}",11167.591900000007,11167.591900000007,0.759365030081012,5.193821044244618,29.780245066666684,1.6998394331013122,-21.50168788039982,99,0.4622222222222222,0.2311111111111111
"{'open_window': 30, 'boll_length': 160}",11083.613620000007,11083.613620000007,0.7964480616265455,5.633668815693362,29.556302986666672,1.6121026315022027,-19.673882123004933,52,0.42,0.21
"{'open_window': 60, 'boll_length': 150}",11068.2578,11068.2578,0.8021624256594003,5.407128615739092,29.515354133333332,1.599055036189846,-20.469751297911557,237,0.21777777777777776,0.10888888888888888
"{'open_window': 60, 'boll_length': 260}",11056.97402,11056.97402,0.8103753752492857,4.913721405090729,29.485264053333335,1.5817110780508565,-22.502240376397246,127,0.12,0.06
"{'open_window': 60, 'boll_length': 80}",11026.980680000002,11026.980680000002,0.7976604683652568,5.458718793768034,29.40528181333337,1.60384796805304,-20.200675463606967,52,0.4222222222222222,0.2111111111111111
"{'open_window': 45, 'boll_length': 340}",11024.190140000002,11024.190140000002,0.8126055920329169,5.028755326736616,29.397840373333334,1.5740694840853369,-21.922303678978334,36,0.12666666666666668,0.06333333333333334
"{'open_window': 30, 'boll_length': 120}",11022.728340000007,11022.728340000007,0.7186642263788185,3.3043940680722548,29.393942239999998,1.7796600012849266,-33.35779,99,0.5644444444444444,0.2822222222222222
"{'open_window': 45, 'boll_length': 940}",10977.54174,10977.54174,0.8202063031380037,5.083421809481621,29.273444639999997,1.5548212014121547,-21.594788218291544,69,0.04777777777777778,0.02388888888888889
"{'open_window': 15, 'boll_length': 210}",10975.820540000004,10975.820540000004,0.7617968050113295,5.190011946121236,29.26885477333336,1.6738491173427197,-21.147967777227965,323,0.6911111111111111,0.34555555555555556
"{'open_window': 60, 'boll_length': 950}",10971.666319999998,10971.666319999998,0.7174892284307948,3.56483559653897,29.257776853333343,1.7767402215549486,-30.77748194237115,222,0.028888888888888888,0.014444444444444444
"{'open_window': 15, 'boll_length': 320}",10935.794060000004,10935.794060000004,0.7832459050476105,5.14344573420077,29.162117493333366,1.623813281361139,-21.26161065000388,13,0.4311111111111111,0.21555555555555556
"{'open_window': 45, 'boll_length': 300}",10908.436300000005,10908.436300000005,0.856922770878779,5.711019954687485,29.089163466666683,1.4815737660896764,-19.10067971491956,130,0.14222222222222222,0.07111111111111111
"{'open_window': 15, 'boll_length': 670}",10861.537759999997,10861.537759999997,0.7830985634510164,5.293810634474614,28.964100693333314,1.616308610040397,-20.51742782272368,145,0.19333333333333333,0.09666666666666666
"{'open_window': 15, 'boll_length': 190}",10842.05444000001,10842.05444000001,0.7844034852889776,4.159779301424486,28.91214517333335,1.6115693219680896,-26.064013627567274,321,0.7555555555555555,0.37777777777777777
"{'open_window': 45, 'boll_length': 80}",10797.840400000008,10797.840400000008,0.6999370659750758,3.468880297766561,28.794241066666693,1.80082635850291,-31.127740000000003,14,0.5711111111111111,0.28555555555555556
"{'open_window': 15, 'boll_length': 260}",10765.309580000001,10765.309580000001,0.7225285197222947,4.447933621440078,28.70749221333336,1.740790257636313,-24.202945673713984,13,0.5088888888888888,0.2544444444444444
"{'open_window': 45, 'boll_length': 100}",10745.717740000007,10745.717740000007,0.7572191317908721,4.561880992149864,28.65524730666672,1.658893359470982,-23.555453898274358,99,0.44666666666666666,0.22333333333333333
"{'open_window': 30, 'boll_length': 420}",10736.519840000004,10736.519840000004,0.8703137241184001,4.883279552147334,28.630719573333337,1.4424481790711294,-21.986289593596602,134,0.15777777777777777,0.07888888888888888
"{'open_window': 60, 'boll_length': 340}",10736.35516,10736.35516,0.8574538999068183,5.747099179123247,28.630280426666676,1.464065621102716,-18.68134658089874,40,0.09111111111111111,0.04555555555555556
"{'open_window': 15, 'boll_length': 630}",10697.61776,10697.61776,0.7930750051105699,4.703850798937405,28.52698069333332,1.5788546702375357,-22.74225569062815,244,0.22,0.11
"{'open_window': 45, 'boll_length': 950}",10694.767480000002,10694.767480000002,0.8003022237259656,5.219805483249786,28.519379946666678,1.5643004324066032,-20.48882379682389,69,0.04555555555555556,0.02277777777777778
"{'open_window': 30, 'boll_length': 380}",10687.984660000004,10687.984660000004,0.686700670063138,4.140408207645862,28.50129242666668,1.8222624543524524,-25.813842800000003,137,0.1711111111111111,0.08555555555555555
"{'open_window': 60, 'boll_length': 730}",10677.571199999998,10677.571199999998,0.7718945352302999,5.064946092088139,28.4735232,1.620016893835838,-21.081312625773535,49,0.04111111111111111,0.020555555555555556
"{'open_window': 60, 'boll_length': 250}",10667.971440000001,10667.971440000001,0.8291661599842013,4.840561934119855,28.44792383999998,1.5071561287349753,-22.038704566104713,127,0.12444444444444444,0.06222222222222222
"{'open_window': 45, 'boll_length': 90}",10652.20242000001,10652.20242000001,0.7126808089911751,4.297905653362753,28.405873120000003,1.751652387078854,-24.78463530642079,163,0.5,0.25
"{'open_window': 45, 'boll_length': 250}",10649.866700000006,10649.866700000006,0.6911567876318372,3.698635236443297,28.399644533333376,1.8059207018337777,-28.794044341180296,137,0.17555555555555555,0.08777777777777777
"{'open_window': 60, 'boll_length': 210}",10638.11274,10638.11274,0.884742588217033,4.472032141365528,28.368300640000008,1.4096691006807687,-23.788095442336584,134,0.15333333333333332,0.07666666666666666
"{'open_window': 60, 'boll_length': 630}",10637.547900000001,10637.547900000001,0.7431059418845544,4.114033400422023,28.3667944,1.6782898738030432,-25.85673684348014,156,0.04777777777777778,0.02388888888888889
"{'open_window': 15, 'boll_length': 610}",10628.169439999996,10628.169439999996,0.7745234201474599,4.15805561844985,28.341785173333314,1.6092021667374963,-25.560431161241283,244,0.22444444444444445,0.11222222222222222
"{'open_window': 15, 'boll_length': 680}",10622.741859999998,10622.741859999998,0.7629340211389077,5.131364309927844,28.327311626666674,1.6330531411236096,-20.70159360824914,145,0.19333333333333333,0.09666666666666666
"{'open_window': 45, 'boll_length': 970}",10605.080520000001,10605.080520000001,0.7676294321809237,4.730065132262479,28.280214720000007,1.6211429244504867,-22.420580316464676,49,0.04111111111111111,0.020555555555555556
"{'open_window': 15, 'boll_length': 1000}",10604.71536,10604.71536,0.7997411879391791,4.23832571554516,28.279240959999992,1.5560115397440721,-25.021001385298096,127,0.13111111111111112,0.06555555555555556
"{'open_window': 15, 'boll_length': 920}",10538.40974,10538.40974,0.8200017194533958,4.120510863446472,28.102425973333343,1.5107997445519101,-25.57549315908242,130,0.13777777777777778,0.06888888888888889
"{'open_window': 60, 'boll_length': 240}",10510.72532,10510.72532,0.8502860870483089,4.881698901679854,28.028600853333344,1.454259464276941,-21.53087589319188,130,0.12444444444444444,0.06222222222222222
"{'open_window': 45, 'boll_length': 350}",10473.860660000002,10473.860660000002,0.7634876743293658,4.783443651978872,27.930295093333324,1.6155336184523255,-21.896067816471604,127,0.1288888888888889,0.06444444444444444
"{'open_window': 15, 'boll_length': 270}",10469.75806,10469.75806,0.6932088572689041,4.102002521560901,27.919354826666662,1.7788218288775328,-25.523529068958318,13,0.49333333333333335,0.24666666666666667
"{'open_window': 60, 'boll_length': 270}",10431.2267,10431.2267,0.7990894652874253,4.498175772488787,27.816604533333326,1.5390665252453517,-23.189904591541836,127,0.11777777777777777,0.058888888888888886
"{'open_window': 45, 'boll_length': 960}",10403.510980000003,10403.510980000003,0.768943100910472,4.950710158224573,27.74269594666668,1.5963667757573394,-21.01417907230287,69,0.04555555555555556,0.02277777777777778
"{'open_window': 15, 'boll_length': 900}",10360.301900000002,10360.301900000002,0.8004195054757975,4.04103335878013,27.62747173333333,1.5290307713148747,-25.637753960851917,130,0.14444444444444443,0.07222222222222222
"{'open_window': 60, 'boll_length': 960}",10354.94288,10354.94288,0.6764193967763178,3.1972815243669737,27.61318101333334,1.8086603239088845,-32.3867097754245,222,0.03,0.015
"{'open_window': 30, 'boll_length': 510}",10331.481039999999,10331.481039999999,0.7564579908502296,4.3534073416424315,27.55061610666666,1.614666952393699,-23.731941969166133,127,0.12666666666666668,0.06333333333333334
"{'open_window': 30, 'boll_length': 330}",10305.78742,10305.78742,0.7627779029977246,4.986254594150853,27.482099786666687,1.5984351894328626,-20.668393932570662,137,0.19555555555555557,0.09777777777777778
"{'open_window': 30, 'boll_length': 340}",10302.407960000004,10302.407960000004,0.7536829977076708,4.970290227387642,27.47308789333335,1.617343822527546,-20.727980638295435,137,0.19333333333333333,0.09666666666666666
"{'open_window': 60, 'boll_length': 970}",10259.49784,10259.49784,0.6696558955013187,3.1647074135342073,27.358660906666657,1.8148463905988534,-32.41847191346715,222,0.03,0.015
"{'open_window': 45, 'boll_length': 800}",10237.1022,10237.1022,0.7603594816938211,3.5242486423051838,27.29893919999998,1.5958487277491522,-29.04761621275389,197,0.05,0.025
"{'open_window': 15, 'boll_length': 620}",10221.50196,10221.50196,0.7335882493528155,4.3123850164080455,27.25733855999999,1.6522773869433178,-23.702665511332025,244,0.2288888888888889,0.11444444444444445
"{'open_window': 60, 'boll_length': 980}",10187.783580000001,10187.783580000001,0.6718298120613129,3.177078338034369,27.167422880000014,1.799888350204909,-32.066516768053944,222,0.03,0.015
"{'open_window': 45, 'boll_length': 330}",10174.836460000004,10174.836460000004,0.775269088584304,4.336745785945917,27.132897226666657,1.5583161642332743,-23.46191582862331,127,0.13333333333333333,0.06666666666666667
"{'open_window': 15, 'boll_length': 910}",10107.28326,10107.28326,0.7814465211314238,3.8678718760013227,26.952755360000033,1.5386094633315928,-26.13138072828076,130,0.14222222222222222,0.07111111111111111
"{'open_window': 15, 'boll_length': 280}",10092.86002,10092.86002,0.6658479072676224,3.9586173760871475,26.914293386666646,1.8038741652307182,-25.4959220887778,163,0.4822222222222222,0.2411111111111111
"{'open_window': 30, 'boll_length': 520}",10072.356699999998,10072.356699999998,0.7372165912175838,4.113890597202023,26.859617866666657,1.626860363626079,-24.48377384379278,127,0.12444444444444444,0.06222222222222222
"{'open_window': 15, 'boll_length': 600}",10071.04568,10071.04568,0.7594986313800065,3.9203861072487687,26.856121813333306,1.5789837802841922,-25.688912786877527,237,0.23555555555555555,0.11777777777777777
"{'open_window': 15, 'boll_length': 170}",10062.864520000006,10062.864520000006,0.685270633221536,3.807968726636913,26.834305386666678,1.7489940312680343,-26.425806623908993,9,0.8266666666666667,0.41333333333333333
"{'open_window': 30, 'boll_length': 70}",10053.815380000004,10053.815380000004,0.7821731134645358,5.43921241530553,26.810174346666702,1.5313204531512674,-18.483954316086905,324,0.9977777777777778,0.4988888888888889
"{'open_window': 60, 'boll_length': 790}",10047.023880000002,10047.023880000002,0.6933037871372371,3.9314854962319767,26.79206367999999,1.7267677738996678,-25.555286645796578,222,0.035555555555555556,0.017777777777777778
"{'open_window': 15, 'boll_length': 640}",10043.453319999997,10043.453319999997,0.7343914768160884,4.251851427431433,26.782542186666625,1.6297411715571406,-23.621364695866834,244,0.2088888888888889,0.10444444444444445
"{'open_window': 60, 'boll_length': 820}",10038.46768,10038.46768,0.7048556912304419,4.840530636546108,26.76924714666666,1.6974251923092,-20.73836203867683,89,0.03333333333333333,0.016666666666666666
"{'open_window': 30, 'boll_length': 310}",10029.213560000004,10029.213560000004,0.7419472280265657,4.445810257370927,26.744569493333316,1.6114955883566564,-22.55879801296528,244,0.22,0.11
"{'open_window': 15, 'boll_length': 990}",10018.913859999999,10018.913859999999,0.7587086711297353,3.6060492978261274,26.71710362666667,1.574727347211298,-27.7836297635748,127,0.13111111111111112,0.06555555555555556
"{'open_window': 45, 'boll_length': 360}",9974.715480000003,9974.715480000003,0.7291891795520564,4.3580611036064045,26.599241280000022,1.6332588689134162,-22.887966099754042,127,0.12666666666666668,0.06333333333333334
"{'open_window': 60, 'boll_length': 220}",9964.05508,9964.05508,0.8287168920639143,4.148212150036517,26.57081354666668,1.4359979846437372,-24.020119317938672,127,0.14222222222222222,0.07111111111111111
"{'open_window': 15, 'boll_length': 930}",9950.00814,9950.00814,0.7643041372444608,3.774597558847431,26.533355040000014,1.5554334430440506,-26.36044766329534,130,0.13555555555555557,0.06777777777777778
"{'open_window': 45, 'boll_length': 780}",9943.235339999997,9943.235339999997,0.7911698509438724,3.464107821005303,26.515294239999996,1.5018769289444793,-28.703596578914848,197,0.05,0.025
"{'open_window': 60, 'boll_length': 190}",9919.76798,9919.76798,0.6491181591582579,2.7458020244607546,26.452714613333367,1.8274223868614219,-36.12703280000001,137,0.16666666666666666,0.08333333333333333
"{'open_window': 60, 'boll_length': 350}",9883.59594,9883.59594,0.7895282754716504,5.1486171669599905,26.35625584000002,1.4984700591169817,-19.196602931415452,19,0.09111111111111111,0.04555555555555556
"{'open_window': 60, 'boll_length': 60}",9883.447179999996,9883.447179999996,0.6685503467403884,3.874886393973873,26.355859146666685,1.7696073439565394,-25.506417931040502,15,0.5533333333333333,0.27666666666666667
"{'open_window': 45, 'boll_length': 750}",9828.69726,9828.69726,0.8123849592412077,3.4964030003966817,26.209859359999985,1.4504519169925751,-28.110882123384766,197,0.052222222222222225,0.026111111111111113
"{'open_window': 45, 'boll_length': 310}",9802.287480000005,9802.287480000005,0.7585019243029616,4.044002842160479,26.139433279999995,1.5504656310293106,-24.239071688592578,130,0.13777777777777778,0.06888888888888889
"{'open_window': 45, 'boll_length': 730}",9769.342999999999,9769.342999999999,0.8282107250484729,3.795134105186751,26.05158133333334,1.4165055165195093,-25.741759656525424,197,0.05444444444444444,0.02722222222222222
"{'open_window': 45, 'boll_length': 370}",9749.387820000002,9749.387820000002,0.7042970549849916,4.159836810634801,25.99836752000001,1.6632565310672678,-23.43694780303707,137,0.12,0.06
"{'open_window': 45, 'boll_length': 790}",9727.663819999998,9727.663819999998,0.7764018425888637,3.3438811013246252,25.940436853333335,1.5063490838991898,-29.090938120217675,197,0.05,0.025
"{'open_window': 60, 'boll_length': 830}",9658.5753,9658.5753,0.6824170942002384,4.462916913977285,25.756200800000002,1.7049592612267457,-21.641844305347874,89,0.03333333333333333,0.016666666666666666
"{'open_window': 45, 'boll_length': 770}",9636.755259999998,9636.755259999998,0.7814357859343198,3.6434259068130044,25.698014026666648,1.486471081147068,-26.44970834175548,197,0.052222222222222225,0.026111111111111113
"{'open_window': 30, 'boll_length': 370}",9625.231780000006,9625.231780000006,0.5940756156097491,2.8379619589574245,25.66728474666667,1.9535750014102196,-33.916000000000004,137,0.18,0.09
"{'open_window': 60, 'boll_length': 840}",9612.432299999999,9612.432299999999,0.6752636022525746,4.173683792437339,25.6331528,1.7170305953815757,-23.031050692957628,89,0.03333333333333333,0.016666666666666666
"{'open_window': 15, 'boll_length': 940}",9607.070280000002,9607.070280000002,0.7388332611443077,3.539110455418622,25.61885407999998,1.5686591992806909,-27.145437818395596,130,0.13555555555555557,0.06777777777777778
"{'open_window': 30, 'boll_length': 540}",9604.182320000004,9604.182320000004,0.7400030949680985,3.826749827026812,25.611152853333355,1.565836742978843,-25.09749200789006,127,0.12222222222222222,0.06111111111111111
"{'open_window': 15, 'boll_length': 950}",9591.059460000002,9591.059460000002,0.7421731618817285,3.484078409737339,25.57615856000001,1.559705294998142,-27.52825376488316,130,0.13555555555555557,0.06777777777777778
"{'open_window': 30, 'boll_length': 430}",9563.038060000003,9563.038060000003,0.7648180352623595,3.7662591953106563,25.50143482666667,1.5103038307107197,-25.391343410211586,127,0.1511111111111111,0.07555555555555556
"{'open_window': 45, 'boll_length': 610}",9520.757840000002,9520.757840000002,0.805166702945861,4.043768324239785,25.388687573333332,1.4299938106367627,-23.544271275209294,88,0.06777777777777778,0.03388888888888889
"{'open_window': 15, 'boll_length': 960}",9517.404740000002,9517.404740000002,0.7344754259323312,3.4156546271897734,25.379745973333307,1.567224255347934,-27.864072275452585,130,0.13333333333333333,0.06666666666666667
"{'open_window': 15, 'boll_length': 290}",9488.772480000007,9488.772480000007,0.6273893402056886,3.5205295921542215,25.30339328000002,1.83069837120884,-26.952684906118918,13,0.47555555555555556,0.23777777777777778
"{'open_window': 45, 'boll_length': 450}",9354.271000000002,9354.271000000002,0.7524891827019322,5.0530524240795245,24.944722666666664,1.5105064365799672,-18.512119437795057,40,0.09555555555555556,0.04777777777777778
"{'open_window': 45, 'boll_length': 760}",9347.44732,9347.44732,0.7623813229123741,3.203738029045197,24.926526186666663,1.4901109586690167,-29.176690588480476,197,0.052222222222222225,0.026111111111111113
"{'open_window': 60, 'boll_length': 800}",9343.384000000002,9343.384000000002,0.6419688056427364,3.5125123405345975,24.915690666666663,1.7690442368579382,-26.600288039352353,222,0.035555555555555556,0.017777777777777778
"{'open_window': 45, 'boll_length': 740}",9338.079719999998,9338.079719999998,0.7800129553144335,3.449566578729543,24.90154592,1.4553593334433161,-27.07029856324491,197,0.05444444444444444,0.02722222222222222
"{'open_window': 60, 'boll_length': 770}",9322.82732,9322.82732,0.6636943525491714,3.7458798528971458,24.860872853333326,1.7083781778206624,-24.888217684797116,113,0.04,0.02
"{'open_window': 45, 'boll_length': 40}",9318.338680000015,9318.338680000015,0.7835870729433122,5.579477825550492,24.848903146666743,1.4464774649976133,-16.701094567179588,112,1.1488888888888888,0.5744444444444444
"{'open_window': 45, 'boll_length': 390}",9308.657440000003,9308.657440000003,0.6909580343117091,4.116619179078447,24.823086506666684,1.639141801497895,-22.612384179981053,137,0.11666666666666667,0.058333333333333334
"{'open_window': 30, 'boll_length': 150}",9301.723660000009,9301.723660000009,0.6138452793492357,3.369588146433389,24.804596426666695,1.8440476654005662,-27.604927533489853,13,0.46,0.23
"{'open_window': 60, 'boll_length': 590}",9269.4869,9269.4869,0.7362478400276606,3.0776152073215766,24.718631733333325,1.533563316903609,-30.119057372565933,197,0.052222222222222225,0.026111111111111113
"{'open_window': 15, 'boll_length': 970}",9253.94944,9253.94944,0.7135202002066374,3.335045513609986,24.677198506666684,1.5804656575871503,-27.747595654198925,130,0.13555555555555557,0.06777777777777778
"{'open_window': 60, 'boll_length': 810}",9242.463499999998,9242.463499999998,0.6295276907775478,3.3463352589484483,24.64656933333333,1.7897020668846062,-27.61965787882338,222,0.035555555555555556,0.017777777777777778
"{'open_window': 45, 'boll_length': 660}",9231.646980000001,9231.646980000001,0.7897919964394228,4.625056262458447,24.617725280000016,1.4253109115191331,-19.960074983159075,197,0.06111111111111111,0.030555555555555555
"{'open_window': 45, 'boll_length': 620}",9227.530660000004,9227.530660000004,0.7800909843533185,3.8991511271015185,24.606748426666673,1.4425633712395751,-23.665486048650287,88,0.06777777777777778,0.03388888888888889
"{'open_window': 30, 'boll_length': 530}",9208.96544,9208.96544,0.6810090213609725,3.6063787761409647,24.55724117333334,1.650004344865643,-25.535214162540438,127,0.12444444444444444,0.06222222222222222
"{'open_window': 60, 'boll_length': 850}",9204.25576,9204.25576,0.6403197377249118,3.8765635367034856,24.544682026666663,1.754195114107105,-23.743337811578925,89,0.035555555555555556,0.017777777777777778
"{'open_window': 60, 'boll_length': 600}",9197.2945,9197.2945,0.712073784888974,2.8410758822528392,24.526118666666676,1.5765524736089442,-32.372576028159386,197,0.04777777777777778,0.02388888888888889
"{'open_window': 45, 'boll_length': 470}",9187.793560000004,9187.793560000004,0.7240900396969906,4.681053779298136,24.500782826666683,1.5492128223562716,-19.627618038982664,194,0.09333333333333334,0.04666666666666667
"{'open_window': 30, 'boll_length': 850}",9186.182639999999,9186.182639999999,0.73858987092216,4.061320243655441,24.49648704,1.5186033513628028,-22.61871039189922,144,0.07555555555555556,0.03777777777777778
"{'open_window': 60, 'boll_length': 110}",9173.264059999998,9173.264059999998,0.6188113382680691,3.218629633875961,24.462037493333334,1.8106740744845546,-28.50052694305591,102,0.3244444444444444,0.1622222222222222
"{'open_window': 60, 'boll_length': 740}",9160.25994,9160.25994,0.6683796401703158,4.078961520254772,24.427359840000015,1.6746437318834628,-22.4573335504961,194,0.04111111111111111,0.020555555555555556
"{'open_window': 45, 'boll_length': 690}",9152.158040000002,9152.158040000002,0.7356392235514144,4.227586074119199,24.405754773333335,1.5205412163290477,-21.648661622831224,197,0.056666666666666664,0.028333333333333332
"{'open_window': 45, 'boll_length': 710}",9126.921199999997,9126.921199999997,0.7045525934602583,3.8680785185572857,24.33845653333333,1.58440985031711,-23.595491033114172,197,0.058888888888888886,0.029444444444444443
"{'open_window': 45, 'boll_length': 380}",9118.306900000003,9118.306900000003,0.6655582897167736,3.8248921702445053,24.315485066666653,1.6760735587375803,-23.839382900608957,137,0.11888888888888889,0.059444444444444446
"{'open_window': 60, 'boll_length': 170}",9108.411880000001,9108.411880000001,0.6785147405210679,3.935444564621155,24.289098346666687,1.6427550517683052,-23.144556429234893,145,0.18666666666666668,0.09333333333333334
"{'open_window': 45, 'boll_length': 720}",9073.2101,9073.2101,0.7602223538423097,3.442112792775175,24.195226933333323,1.4620190227557335,-26.35942122246609,197,0.056666666666666664,0.028333333333333332
"{'open_window': 60, 'boll_length': 860}",8995.590919999999,8995.590919999999,0.6220437771059527,3.6633315853918917,23.988242453333328,1.7755024444126448,-24.555764910474732,222,0.035555555555555556,0.017777777777777778
"{'open_window': 60, 'boll_length': 580}",8982.76012,8982.76012,0.7281580677889268,3.121991993616463,23.954026986666666,1.5151616283102813,-28.77252772706352,197,0.052222222222222225,0.026111111111111113
"{'open_window': 45, 'boll_length': 420}",8952.616500000004,8952.616500000004,0.6802796106175898,4.479209861452104,23.873644,1.6177783360420417,-19.987044092409796,137,0.10888888888888888,0.05444444444444444
"{'open_window': 30, 'boll_length': 920}",8950.731139999998,8950.731139999998,0.7435921468978687,3.545492524281782,23.868616373333314,1.4798036521522455,-25.24538150538947,88,0.06888888888888889,0.034444444444444444
"{'open_window': 60, 'boll_length': 550}",8936.676759999998,8936.676759999998,0.7607709746314686,3.1388235206041664,23.83113802666667,1.4447098474977427,-28.47142154166047,197,0.05444444444444444,0.02722222222222222
"{'open_window': 60, 'boll_length': 780}",8907.1339,8907.1339,0.626086149486637,3.456505104770257,23.752357066666672,1.7512059718957826,-25.769190642037348,49,0.04,0.02
"{'open_window': 60, 'boll_length': 990}",8895.54382,8895.54382,0.5956590037600569,2.765715733389236,23.721450186666686,1.8388881894150846,-32.16362300943704,89,0.03222222222222222,0.01611111111111111
"{'open_window': 45, 'boll_length': 460}",8894.063200000002,8894.063200000002,0.7212760922606523,4.793575357285881,23.71750186666666,1.51844132014292,-18.55413243161324,356,0.09555555555555556,0.04777777777777778
"{'open_window': 60, 'boll_length': 560}",8893.64676,8893.64676,0.7347659057023102,3.014268754589942,23.71639135999999,1.4905121119885376,-29.50515526015157,197,0.05444444444444444,0.02722222222222222
"{'open_window': 30, 'boll_length': 500}",8859.26624,8859.26624,0.678280757781774,3.3638816744907967,23.624709973333346,1.6100152362340077,-26.336438368751676,127,0.13111111111111112,0.06555555555555556
"{'open_window': 45, 'boll_length': 430}",8815.919080000003,8815.919080000003,0.7382485853004904,4.130287736663755,23.509117546666687,1.4738686040515918,-21.34456396764521,191,0.1,0.05
"{'open_window': 30, 'boll_length': 140}",8811.844360000008,8811.844360000008,0.5405792756585507,2.3912027373441846,23.49825162666671,2.0121167332842593,-36.85109682413206,13,0.49333333333333335,0.24666666666666667
"{'open_window': 45, 'boll_length': 440}",8798.9686,8798.9686,0.7155757391594435,4.556129111535971,23.463916266666647,1.5183997758371244,-19.312377644701265,191,0.1,0.05
"{'open_window': 30, 'boll_length': 930}",8798.022359999999,8798.022359999999,0.7451330637268598,3.53658447600247,23.461392959999987,1.458052863653575,-24.8771729325259,88,0.06777777777777778,0.03388888888888889
"{'open_window': 60, 'boll_length': 1000}",8789.72716,8789.72716,0.5847723166195985,2.6589268244043263,23.439272426666683,1.8565920638957782,-33.057424067957,68,0.03222222222222222,0.01611111111111111
"{'open_window': 30, 'boll_length': 550}",8772.505000000003,8772.505000000003,0.6462703081654587,3.6461646416236215,23.39334666666666,1.6774795064055836,-24.05954163412006,137,0.12,0.06
"{'open_window': 45, 'boll_length': 680}",8725.96304,8725.96304,0.6925393281935882,4.267750237180812,23.269234773333338,1.5592360410805535,-20.446283299287433,135,0.06111111111111111,0.030555555555555555
"{'open_window': 30, 'boll_length': 700}",8712.7864,8712.7864,0.6923839453612541,4.543402988347808,23.234097066666656,1.5578359949059548,-19.17678537947251,19,0.09333333333333334,0.04666666666666667
"{'open_window': 60, 'boll_length': 230}",8679.180960000002,8679.180960000002,0.724589976036503,3.385854751924176,23.144482560000018,1.48432442917412,-25.63364820971024,130,0.13111111111111112,0.06555555555555556
"{'open_window': 60, 'boll_length': 870}",8670.20314,8670.20314,0.589792449191417,3.3541566211360547,23.120541706666668,1.8221648651195885,-25.849130256366497,222,0.035555555555555556,0.017777777777777778
"{'open_window': 60, 'boll_length': 160}",8662.330339999999,8662.330339999999,0.6148530695546407,3.680465361441608,23.099547573333332,1.7467150035300305,-23.535964855832894,237,0.2,0.1
"{'open_window': 30, 'boll_length': 460}",8639.991200000004,8639.991200000004,0.6774845728178268,3.128845965758807,23.039976533333366,1.582193060545263,-27.61398705642144,130,0.13777777777777778,0.06888888888888889
"{'open_window': 60, 'boll_length': 530}",8623.3243,8623.3243,0.6707572889924135,3.2751276931977333,22.995531466666666,1.5957658599573548,-26.3297346174019,197,0.058888888888888886,0.029444444444444443
"{'open_window': 15, 'boll_length': 980}",8616.60524,8616.60524,0.6644257222803147,2.9396564083523162,22.977613973333344,1.6100376633902034,-29.31160667456926,130,0.13555555555555557,0.06777777777777778
"{'open_window': 30, 'boll_length': 320}",8601.08772,8601.08772,0.6345488684753117,3.342286023494355,22.93623391999997,1.6835820114468727,-25.73414620873041,244,0.2088888888888889,0.10444444444444445
"{'open_window': 30, 'boll_length': 680}",8599.077640000001,8599.077640000001,0.6978306118340839,4.616741897546009,22.93087370666666,1.5306422810987514,-18.625857435458467,40,0.09333333333333334,0.04666666666666667
"{'open_window': 30, 'boll_length': 470}",8549.653560000002,8549.653560000002,0.6707327518440508,3.064882589615535,22.799076160000016,1.5856521086370787,-27.895533711366383,130,0.13333333333333333,0.06666666666666667
"{'open_window': 30, 'boll_length': 970}",8499.943360000001,8499.943360000001,0.7239489453514789,3.500942350187951,22.666515626666648,1.4627132618757208,-24.279015504336044,197,0.06333333333333334,0.03166666666666667
"{'open_window': 45, 'boll_length': 980}",8461.739780000002,8461.739780000002,0.6175396870132321,3.6092740823875338,22.56463941333333,1.7089936415577904,-23.444436711779343,49,0.03888888888888889,0.019444444444444445
"{'open_window': 30, 'boll_length': 690}",8458.377520000002,8458.377520000002,0.6698494992005831,4.473612006571584,22.55567338666666,1.5750670599955707,-18.90726667304837,19,0.09555555555555556,0.04777777777777778
"{'open_window': 45, 'boll_length': 400}",8429.686220000001,8429.686220000001,0.6164932260420998,3.42256770344917,22.479163253333326,1.7070426141832222,-24.629713567111587,137,0.11333333333333333,0.056666666666666664
"{'open_window': 60, 'boll_length': 280}",8395.411539999997,8395.411539999997,0.6305342290951178,3.1329778849812664,22.387764106666673,1.663947707834606,-26.796906483909645,137,0.11666666666666667,0.058333333333333334
"{'open_window': 60, 'boll_length': 540}",8388.03558,8388.03558,0.7034732049044964,2.907509897142808,22.368094879999997,1.490441489373647,-28.849551254297946,197,0.056666666666666664,0.028333333333333332
"{'open_window': 30, 'boll_length': 940}",8365.978319999998,8365.978319999998,0.7103723692065921,3.3150100494755774,22.309275519999982,1.473057864867114,-25.236660508234237,88,0.06777777777777778,0.03388888888888889
"{'open_window': 30, 'boll_length': 710}",8357.537660000002,8357.537660000002,0.6553511480159946,4.195112531254917,22.28676709333333,1.595523770085068,-19.922082179521276,19,0.09333333333333334,0.04666666666666667
"{'open_window': 30, 'boll_length': 560}",8353.107980000004,8353.107980000004,0.6251137921026122,3.2841059577657723,22.27495461333332,1.6720362611907162,-25.434952731192457,137,0.11888888888888889,0.059444444444444446
"{'open_window': 15, 'boll_length': 230}",8327.097620000004,8327.097620000004,0.5497613256461041,2.603243209329211,22.205593653333334,1.8967716612165053,-31.987397835739216,9,0.6111111111111112,0.3055555555555556
"{'open_window': 45, 'boll_length': 700}",8305.57624,8305.57624,0.6617926797576101,3.7782601519186367,22.148203306666666,1.5726211640539964,-21.98254197975846,197,0.058888888888888886,0.029444444444444443
"{'open_window': 60, 'boll_length': 330}",8251.808739999999,8251.808739999999,0.7031415172987129,3.872231560230623,22.004823306666665,1.4729407902560812,-21.310215083078702,356,0.09555555555555556,0.04777777777777778
"{'open_window': 45, 'boll_length': 640}",8182.743960000002,8182.743960000002,0.698564828085844,3.132358864980371,21.82065056,1.4732490598151233,-26.12326464723664,197,0.06555555555555556,0.03277777777777778
"{'open_window': 45, 'boll_length': 630}",8182.0110600000025,8182.0110600000025,0.6975284040624078,3.208307167395076,21.81869615999998,1.4753386192601696,-25.50258012434396,88,0.06777777777777778,0.03388888888888889
"{'open_window': 30, 'boll_length': 480}",8171.73344,8171.73344,0.6435314038054356,2.721239268638332,21.791289173333343,1.5976179395776324,-30.029455822490092,130,0.13333333333333333,0.06666666666666667
"{'open_window': 30, 'boll_length': 990}",8128.479020000001,8128.479020000001,0.6591002148684281,3.73884920090573,21.67594405333335,1.5536562012910815,-21.740590709116848,197,0.06333333333333334,0.03166666666666667
"{'open_window': 60, 'boll_length': 570}",8108.260340000001,8108.260340000001,0.6596669055689808,2.5390333518906254,21.622027573333334,1.5494096528031696,-31.934438096145502,197,0.05444444444444444,0.02722222222222222
"{'open_window': 45, 'boll_length': 580}",8081.760360000002,8081.760360000002,0.6682243986890938,3.2177836691603576,21.551360960000004,1.5257949370290063,-25.11592198523663,144,0.07777777777777778,0.03888888888888889
"{'open_window': 30, 'boll_length': 590}",8042.3997199999985,8042.3997199999985,0.5990857779275538,2.896561145615485,21.446399253333325,1.695620811113621,-27.76533729375522,137,0.11555555555555555,0.057777777777777775
"{'open_window': 30, 'boll_length': 950}",8026.056019999999,8026.056019999999,0.6821022864021341,3.0660234987968344,21.40281605333332,1.486965172098136,-26.177411957702123,88,0.06777777777777778,0.03388888888888889
"{'open_window': 30, 'boll_length': 960}",8000.85492,8000.85492,0.6796378895205606,2.991610667628113,21.335613120000005,1.4888136720519263,-26.74430535556102,88,0.06555555555555556,0.03277777777777778
"{'open_window': 30, 'boll_length': 580}",7986.968760000001,7986.968760000001,0.595264156498895,3.0370283829726406,21.298583359999984,1.6976090344761823,-26.298630611355556,137,0.11888888888888889,0.059444444444444446
"{'open_window': 30, 'boll_length': 1000}",7954.426440000001,7954.426440000001,0.6454811557886604,3.6326452590937737,21.211803840000005,1.5607097575884366,-21.89706363451622,197,0.06333333333333334,0.03166666666666667
"{'open_window': 30, 'boll_length': 870}",7950.497420000002,7950.497420000002,0.6535654959560095,3.104547222212676,21.201326453333337,1.540827997143333,-25.60920111994146,144,0.07777777777777778,0.03888888888888889
"{'open_window': 60, 'boll_length': 520}",7944.75648,7944.75648,0.6418399557113126,3.207973736663835,21.186017279999998,1.5681189703537834,-24.765653126145075,197,0.058888888888888886,0.029444444444444443
"{'open_window': 45, 'boll_length': 600}",7942.330500000002,7942.330500000002,0.6656313057293357,3.2460323092348076,21.179548000000008,1.5117207939516109,-24.467810986983864,88,0.06888888888888889,0.034444444444444444
"{'open_window': 30, 'boll_length': 440}",7929.660800000004,7929.660800000004,0.6306492177144227,3.030045989598833,21.145762133333346,1.5936478483313619,-26.170100477748402,127,0.15333333333333332,0.07666666666666666
"{'open_window': 45, 'boll_length': 590}",7925.085040000001,7925.085040000001,0.6518385323514788,3.471459701828734,21.133560106666685,1.5411691238647227,-22.829258354418293,88,0.07555555555555556,0.03777777777777778
"{'open_window': 45, 'boll_length': 990}",7878.007840000002,7878.007840000002,0.5702173039568154,3.2514503469523244,21.008020906666676,1.7538343626226731,-24.229211580562136,49,0.04111111111111111,0.020555555555555556
"{'open_window': 30, 'boll_length': 570}",7845.997260000004,7845.997260000004,0.5865603705838592,3.020342192783179,20.92265936,1.6997089380722377,-25.9771799326158,137,0.11888888888888889,0.059444444444444446
"{'open_window': 60, 'boll_length': 460}",7836.795639999997,7836.795639999997,0.6544664840889829,2.941355020488295,20.898121706666654,1.5219941168682893,-26.643487730695657,145,0.07,0.035
"{'open_window': 45, 'boll_length': 670}",7827.701900000002,7827.701900000002,0.6288679221415054,3.7043673020548993,20.873871733333356,1.5825522266603922,-21.131009054252797,197,0.06333333333333334,0.03166666666666667
"{'open_window': 15, 'boll_length': 150}",7818.139680000009,7818.139680000009,0.5847230414670589,4.427159950717121,20.84837248000003,1.700450892176868,-17.65949224114573,324,0.9555555555555556,0.4777777777777778
"{'open_window': 60, 'boll_length': 290}",7808.970619999999,7808.970619999999,0.5880396579976059,2.7748395251253664,20.82392165333332,1.6893534248264441,-28.14206208788664,137,0.11666666666666667,0.058333333333333334
"{'open_window': 30, 'boll_length': 660}",7766.331760000001,7766.331760000001,0.6491063032714869,3.807685574767054,20.710218026666634,1.5240656344714414,-20.396462910347097,356,0.09777777777777778,0.04888888888888889
"{'open_window': 15, 'boll_length': 130}",7745.49710000001,7745.49710000001,0.5903013295298241,3.993212689880741,20.65465893333335,1.6724692442133222,-19.396655529088108,331,1.0777777777777777,0.5388888888888889
"{'open_window': 60, 'boll_length': 880}",7739.79414,7739.79414,0.5193668585789989,2.8438797519164125,20.639451039999994,1.8998276883529337,-27.215616746046884,222,0.035555555555555556,0.017777777777777778
"{'open_window': 60, 'boll_length': 760}",7677.690979999999,7677.690979999999,0.5467831556723386,3.086026187032774,20.473842613333336,1.7935281437201553,-24.878891216999456,138,0.042222222222222223,0.021111111111111112
"{'open_window': 30, 'boll_length': 720}",7658.871040000002,7658.871040000002,0.5956689295721437,3.7323580112802155,20.42365610666667,1.6432575270378125,-20.520193981533335,191,0.09333333333333334,0.04666666666666667
"{'open_window': 30, 'boll_length': 670}",7628.40926,7628.40926,0.6337828668512124,3.921880117116785,20.34242469333333,1.5397474904758317,-19.450898630751905,356,0.09555555555555556,0.04777777777777778
"{'open_window': 30, 'boll_length': 450}",7581.327980000004,7581.327980000004,0.5999083440174521,2.775097279190403,20.21687461333335,1.6190176166889754,-27.31914314085507,130,0.14666666666666667,0.07333333333333333
"{'open_window': 30, 'boll_length': 750}",7568.224140000004,7568.224140000004,0.5751996814138579,3.4084835446021993,20.18193104,1.6863339454336328,-22.204080028449365,89,0.08666666666666667,0.043333333333333335
"{'open_window': 60, 'boll_length': 900}",7504.07164,7504.07164,0.4955491134838682,2.6526264076132495,20.010857706666673,1.944674276013587,-28.289214110448118,58,0.03333333333333333,0.016666666666666666
"{'open_window': 45, 'boll_length': 50}",7503.615360000019,7503.615360000019,0.5670707221217418,3.776435477182499,20.009640960000066,1.699323744604235,-19.869571201037118,112,0.9044444444444445,0.45222222222222225
"{'open_window': 45, 'boll_length': 480}",7496.319440000003,7496.319440000003,0.580238739796552,3.6474451874193603,19.990185173333348,1.6595222588194642,-20.552246997037944,194,0.09333333333333334,0.04666666666666667
"{'open_window': 60, 'boll_length': 750}",7486.169599999997,7486.169599999997,0.540742029954465,3.03892111322147,19.963118933333323,1.7788893737978544,-24.634300533270935,194,0.043333333333333335,0.021666666666666667
"{'open_window': 60, 'boll_length': 500}",7393.63408,7393.63408,0.6044866318394321,3.03109779727402,19.716357546666686,1.5761919010005954,-24.392594942497002,197,0.06333333333333334,0.03166666666666667
"{'open_window': 45, 'boll_length': 650}",7378.01698,7378.01698,0.629869544547294,2.5865189786529186,19.674711946666644,1.5102186358103835,-28.524890174370682,197,0.06555555555555556,0.03277777777777778
"{'open_window': 30, 'boll_length': 880}",7339.725020000002,7339.725020000002,0.6038011434479741,3.046700091184461,19.572600053333346,1.5691319195888631,-24.090736863918078,146,0.07777777777777778,0.03888888888888889
"{'open_window': 45, 'boll_length': 410}",7333.149840000003,7333.149840000003,0.547637088173059,2.675493031131379,19.555066240000002,1.7288653772299198,-27.408592564709654,137,0.11333333333333333,0.056666666666666664
"{'open_window': 30, 'boll_length': 650}",7323.072920000001,7323.072920000001,0.6124547139918595,3.456107586394588,19.528194453333338,1.5442607697429644,-21.188787492693287,356,0.10222222222222223,0.051111111111111114
"{'open_window': 60, 'boll_length': 510}",7304.9631,7304.9631,0.595328046161104,3.1302314933305704,19.479901600000005,1.5856624779733934,-23.336814275763075,197,0.06333333333333334,0.03166666666666667
"{'open_window': 30, 'boll_length': 490}",7216.7037,7216.7037,0.5689425276120902,2.34091074478817,19.244543200000013,1.6437296673382058,-30.82861538427877,130,0.13555555555555557,0.06777777777777778
"{'open_window': 30, 'boll_length': 890}",7211.843660000001,7211.843660000001,0.601807588409941,3.0815711370711667,19.23158309333333,1.5531571124765893,-23.403138656258278,88,0.07333333333333333,0.03666666666666667
"{'open_window': 30, 'boll_length': 910}",7169.557580000001,7169.557580000001,0.5868122920206416,2.8659806103301118,19.11882021333334,1.5856306859257663,-25.01607147709974,88,0.07333333333333333,0.03666666666666667
"{'open_window': 45, 'boll_length': 320}",7159.058860000003,7159.058860000003,0.5738634538933306,2.274245750100663,19.090823626666676,1.6195746647141345,-31.47882703389961,130,0.13777777777777778,0.06888888888888889
"{'open_window': 60, 'boll_length': 360}",7106.23718,7106.23718,0.5643648541058809,3.4590378842273637,18.949965813333332,1.6374295435464825,-20.54397036934246,191,0.09333333333333334,0.04666666666666667
"{'open_window': 30, 'boll_length': 980}",7101.954660000001,7101.954660000001,0.5705340951257402,2.6776522905439917,18.938545760000018,1.618968450983787,-26.523065317630074,197,0.06555555555555556,0.03277777777777778
"{'open_window': 30, 'boll_length': 600}",7092.719859999999,7092.719859999999,0.5265399529841052,2.3944051468502408,18.91391962666665,1.7524728250128585,-29.622054017592752,137,0.11333333333333333,0.056666666666666664
"{'open_window': 60, 'boll_length': 480}",7080.995499999998,7080.995499999998,0.601945451052192,2.4251343735466295,18.882654666666678,1.5309790081898749,-29.19836351024305,145,0.06555555555555556,0.03277777777777778
"{'open_window': 30, 'boll_length': 820}",7074.359380000002,7074.359380000002,0.650170262239125,3.3767814993420266,18.864958346666683,1.4163935550595883,-20.950006334074207,144,0.08,0.04
"{'open_window': 30, 'boll_length': 60}",7030.082820000007,7030.082820000007,0.5643156515068292,3.0851308429508246,18.746887519999966,1.6239625715749428,-22.786984338323713,324,1.1777777777777778,0.5888888888888889
"{'open_window': 45, 'boll_length': 550}",7008.971960000001,7008.971960000001,0.6417261907142899,3.565325650286247,18.690591893333345,1.4247390759999623,-19.658714651878377,144,0.08,0.04
"{'open_window': 60, 'boll_length': 70}",6997.875960000002,6997.875960000002,0.430574073460372,1.7977171882456207,18.661002559999982,2.1208176314597518,-38.926456317799186,15,0.4822222222222222,0.2411111111111111
"{'open_window': 60, 'boll_length': 300}",6969.898939999999,6969.898939999999,0.5253037819822659,2.2642362252564894,18.58639717333334,1.7329660122883044,-30.78256085762634,137,0.11333333333333333,0.056666666666666664
"{'open_window': 60, 'boll_length': 470}",6961.098079999998,6961.098079999998,0.5840849537549374,2.531171306021393,18.562928213333333,1.5570349070493537,-27.501489383354937,145,0.07,0.035
"{'open_window': 60, 'boll_length': 320}",6884.2098,6884.2098,0.5516386652189739,2.306235014128194,18.35789279999999,1.6344390634170824,-29.85042616137009,191,0.1,0.05
"{'open_window': 30, 'boll_length': 900}",6859.74546,6859.74546,0.5737935748510191,2.7889109127995226,18.292654560000006,1.566981406741108,-24.59650262945888,88,0.07333333333333333,0.03666666666666667
"{'open_window': 30, 'boll_length': 810}",6831.034120000002,6831.034120000002,0.6186544263184026,3.254198250617249,18.216090986666675,1.4486116811837244,-20.991450409342175,144,0.08,0.04
"{'open_window': 30, 'boll_length': 610}",6791.751320000003,6791.751320000003,0.4935849078764697,2.5079794567071247,18.11133685333334,1.8075265861209604,-27.08056998567802,137,0.11333333333333333,0.056666666666666664
"{'open_window': 60, 'boll_length': 890}",6732.053640000001,6732.053640000001,0.45263154679983353,2.222313109916418,17.952143039999996,1.9575244458749301,-30.2930024124872,222,0.035555555555555556,0.017777777777777778
"{'open_window': 30, 'boll_length': 780}",6699.352420000002,6699.352420000002,0.5853814026996701,3.325113250173786,17.864939786666664,1.5078542859239128,-20.147742094648535,193,0.08,0.04
"{'open_window': 30, 'boll_length': 840}",6678.23178,6678.23178,0.6161820641496729,3.0358856741943065,17.808618079999984,1.4289468478756548,-21.99763922853363,144,0.08,0.04
"{'open_window': 30, 'boll_length': 830}",6665.635340000002,6665.635340000002,0.6129630430763938,3.0713253140481966,17.775027573333343,1.43432933586039,-21.702798168306973,144,0.08,0.04
"{'open_window': 45, 'boll_length': 560}",6574.627160000001,6574.627160000001,0.6050263264336379,3.101687024264352,17.532339093333345,1.4375659554944398,-21.196939306148572,144,0.08,0.04
"{'open_window': 30, 'boll_length': 740}",6432.983780000003,6432.983780000003,0.4947328637233694,2.9975587178971845,17.154623413333333,1.7281890826055821,-21.46074317607629,191,0.09111111111111111,0.04555555555555556
"{'open_window': 60, 'boll_length': 370}",6376.30384,6376.30384,0.4953199293376666,2.933658428463855,17.003476906666663,1.7141336289663127,-21.73499061149668,356,0.09111111111111111,0.04555555555555556
"{'open_window': 45, 'boll_length': 490}",6359.776100000003,6359.776100000003,0.49483960930553367,2.985510518025324,16.959402933333344,1.71228497333985,-21.302139321239054,194,0.09333333333333334,0.04666666666666667
"{'open_window': 15, 'boll_length': 140}",6357.69194000001,6357.69194000001,0.4910770980448529,2.6608604100872677,16.953845173333367,1.7249575018830128,-23.893368911417266,339,1.0377777777777777,0.5188888888888888
"{'open_window': 45, 'boll_length': 1000}",6327.173380000001,6327.173380000001,0.4520215870178553,2.4104037929041486,16.872462346666673,1.8668857188923957,-26.249433387991715,49,0.04111111111111111,0.020555555555555556
"{'open_window': 30, 'boll_length': 770}",6297.989080000003,6297.989080000003,0.5473060031798637,3.2051795588037844,16.794637546666674,1.5362394572474463,-19.64941109992133,175,0.08222222222222222,0.04111111111111111
"{'open_window': 60, 'boll_length': 450}",6289.101820000002,6289.101820000002,0.515150255867249,2.293262613601292,16.77093818666667,1.63030916940955,-27.4242547831176,145,0.07111111111111111,0.035555555555555556
"{'open_window': 60, 'boll_length': 490}",6249.031139999997,6249.031139999997,0.5029060847104396,2.141370169717004,16.664083039999998,1.6615717854849603,-29.18239559125758,197,0.06555555555555556,0.03277777777777778
"{'open_window': 60, 'boll_length': 410}",6119.46838,6119.46838,0.5674724588351847,2.5836086602918527,16.318582346666663,1.4482366971495462,-23.685740313739018,144,0.08,0.04
"{'open_window': 30, 'boll_length': 730}",6069.465140000002,6069.465140000002,0.4709051623982963,2.8712999165789754,16.185240373333336,1.7338661440166836,-21.138387895164556,191,0.09555555555555556,0.04777777777777778
"{'open_window': 60, 'boll_length': 440}",6032.013080000001,6032.013080000001,0.49933119895157524,2.3009808468365107,16.085368213333336,1.6271165408140573,-26.21496431964254,146,0.07333333333333333,0.03666666666666667
"{'open_window': 15, 'boll_length': 160}",5978.630180000004,5978.630180000004,0.4203460404861891,2.859397342633567,15.94301381333335,1.9192017862221866,-20.9087071980474,324,0.9044444444444445,0.45222222222222225
"{'open_window': 45, 'boll_length': 540}",5964.875140000002,5964.875140000002,0.5160065008382959,2.935120256089959,15.906333706666686,1.5605354709376091,-20.322421637150086,144,0.08222222222222222,0.04111111111111111
"{'open_window': 30, 'boll_length': 790}",5960.019400000001,5960.019400000001,0.5089724961504227,2.889078056829717,15.893385066666674,1.5810733005382944,-20.629485540934585,89,0.08,0.04
"{'open_window': 60, 'boll_length': 420}",5897.11506,5897.11506,0.5472774984100609,2.379235275588743,15.725640159999996,1.4579898486005196,-24.785758350614376,144,0.08,0.04
"{'open_window': 30, 'boll_length': 620}",5893.498440000003,5893.498440000003,0.4354268556080445,1.9344036111428007,15.715995840000007,1.831612767393017,-30.466746474476754,137,0.11333333333333333,0.056666666666666664
"{'open_window': 30, 'boll_length': 630}",5868.034900000001,5868.034900000001,0.4490680197837493,1.8958118800248671,15.648093066666668,1.7698284977934824,-30.952622260828065,137,0.1111111111111111,0.05555555555555555
"{'open_window': 30, 'boll_length': 50}",5863.956680000005,5863.956680000005,0.5065414435177461,3.1412803208340856,15.637217813333363,1.5681459765127101,-18.667409721788182,250,1.3955555555555557,0.6977777777777778
"{'open_window': 30, 'boll_length': 80}",5791.350239999997,5791.350239999997,0.4161615404393338,2.5433710161179173,15.44360063999999,1.8897340844858699,-22.770371303671,324,0.8977777777777778,0.4488888888888889
"{'open_window': 30, 'boll_length': 760}",5739.373640000003,5739.373640000003,0.436001139294875,2.130283845763648,15.304996373333346,1.7907284106951273,-26.941825857683288,175,0.08444444444444445,0.042222222222222223
"{'open_window': 60, 'boll_length': 310}",5738.7719400000005,5738.7719400000005,0.4386104875146893,1.804027783722597,15.303391840000007,1.7799251127893858,-31.810884465194277,137,0.1111111111111111,0.05555555555555555
"{'open_window': 45, 'boll_length': 520}",5632.528380000003,5632.528380000003,0.48656712116559897,2.6402249980193973,15.020075680000005,1.5805316316107327,-21.333516591295528,175,0.08444444444444445,0.042222222222222223
"{'open_window': 15, 'boll_length': 110}",5620.873440000007,5620.873440000007,0.4988475377195136,2.188355394968082,14.988995840000007,1.5390491938281614,-25.6853774890709,246,1.2933333333333332,0.6466666666666666
"{'open_window': 45, 'boll_length': 530}",5612.221160000005,5612.221160000005,0.49241138639658544,2.762845215556757,14.965923093333341,1.5572288310057965,-20.313194269441013,356,0.08222222222222222,0.04111111111111111
"{'open_window': 60, 'boll_length': 40}",5550.340039999996,5550.340039999996,0.40188437528677434,1.9413856524837712,14.800906773333342,1.8909940080795513,-28.58957998839131,324,0.8666666666666667,0.43333333333333335
"{'open_window': 45, 'boll_length': 570}",5547.627200000001,5547.627200000001,0.3485239632114324,1.5019143927071588,14.79367253333334,2.179651057261471,-36.937039999999996,144,0.08,0.04
"{'open_window': 45, 'boll_length': 510}",5466.937120000004,5466.937120000004,0.41145316195230175,2.033142533244339,14.578498986666672,1.824518520171286,-26.889099168449672,175,0.08222222222222222,0.04111111111111111
"{'open_window': 45, 'boll_length': 500}",5443.1340800000025,5443.1340800000025,0.42470577296508555,2.325307435236587,14.515024213333342,1.7613436520277446,-23.408234100649985,175,0.08666666666666667,0.043333333333333335
"{'open_window': 30, 'boll_length': 800}",5364.812620000002,5364.812620000002,0.46047669839142885,2.532909099995145,14.306166986666677,1.605511688145421,-21.18043880852371,89,0.08,0.04
"{'open_window': 30, 'boll_length': 860}",4932.999660000001,4932.999660000001,0.31968830810546284,1.39171747766495,13.154665759999999,2.159077253140475,-35.44541,144,0.08,0.04
"{'open_window': 60, 'boll_length': 400}",4682.957619999999,4682.957619999999,0.4048236553193574,1.9889357430556978,12.487886986666659,1.6332182741249548,-23.54504229887962,156,0.08,0.04
"{'open_window': 15, 'boll_length': 100}",4668.364640000005,4668.364640000005,0.40080503240411874,1.8066405572525581,12.448972373333357,1.645323062453867,-25.840030111465044,245,1.4155555555555555,0.7077777777777777
"{'open_window': 60, 'boll_length': 380}",4607.326980000002,4607.326980000002,0.35695344740753215,1.7061719489237686,12.286205279999997,1.8273421428427403,-27.003884238667986,175,0.08444444444444445,0.042222222222222223
"{'open_window': 60, 'boll_length': 390}",4529.718140000003,4529.718140000003,0.3992691366563238,1.792803932704856,12.079248373333336,1.6107087159005238,-25.266110015532384,175,0.08222222222222222,0.04111111111111111
"{'open_window': 15, 'boll_length': 120}",3923.1684600000044,3923.1684600000044,0.32757005793465616,1.427549992309128,10.461782559999982,1.7391876202699736,-27.481828875597465,588,1.2066666666666668,0.6033333333333334
"{'open_window': 60, 'boll_length': 430}",3817.7056599999996,3817.7056599999996,0.25656550821266494,1.1188195830560619,10.180548426666672,2.1694956629032127,-34.122620999999995,144,0.07777777777777778,0.03888888888888889
"{'open_window': 30, 'boll_length': 640}",3339.939780000001,3339.939780000001,0.3037673588082957,0.9802903442346544,8.906506080000014,1.6329841715000495,-34.070923983318515,356,0.10666666666666667,0.05333333333333334
"{'open_window': 60, 'boll_length': 30}",2091.777039999998,2091.777039999998,0.169403285335298,0.537102188494543,5.578072106666679,1.930007349812922,-38.945606344727395,455,1.1533333333333333,0.5766666666666667
"{'open_window': 15, 'boll_length': 90}",-1890.7912199999992,-1890.7912199999992,-0.16228071653542128,-0.32290748558889965,-5.042109919999981,2.223084435090553,-58.5551993801469,688,1.6333333333333333,0.8166666666666667
"{'open_window': 15, 'boll_length': 80}",-2262.440380000001,-2262.440380000001,-0.203147133489466,-0.3916139860501627,-6.033174346666679,2.173390003976919,-57.77220580958016,588,1.8466666666666667,0.9233333333333333
"{'open_window': 45, 'boll_length': 30}",-5927.00203999999,-5927.00203999999,-0.4183025265741646,-0.7570487353542895,-15.805338773333311,3.696140418358499,-78.29089150021798,651,1.58,0.79
"{'open_window': 30, 'boll_length': 40}",-7179.924159999996,-7179.924159999996,-0.6220309349320521,-0.8853170812937818,-19.146464426666647,3.5028660660037945,-81.10002971486124,700,1.8311111111111111,0.9155555555555556
"{'open_window': 15, 'boll_length': 70}",-8315.686559999993,-8315.686559999993,-0.4410167885219057,-0.8139597522159893,-22.175164159999994,10.294397784225605,-102.16336295941792,742,2.111111111111111,1.0555555555555556
"{'open_window': 60, 'boll_length': 20}",-11782.932119999998,-11782.932119999998,-0.6234123596131382,-1.0368947664205725,-31.42115231999999,17.1048388242227,-113.63672092468396,807,1.7533333333333334,0.8766666666666667
"{'open_window': 15, 'boll_length': 60}",-22919.537819999983,-22919.537819999983,0.2652716417560439,-1.0175554336769088,-61.11876751999994,20.710777976582413,-225.24117174806736,898,2.486666666666667,1.2433333333333334
"{'open_window': 30, 'boll_length': 30}",-23250.648519999988,-23250.648519999988,-0.04516536798190934,-0.9929942536659837,-62.001729386666675,19.64950565850065,-234.14685869693756,891,2.362222222222222,1.181111111111111
"{'open_window': 45, 'boll_length': 20}",-24733.812719999984,-24733.812719999984,-0.20339798183801275,-0.9737429741259095,-65.95683391999997,9.994611920573613,-254.00761163080588,899,2.3755555555555556,1.1877777777777778
"{'open_window': 15, 'boll_length': 50}",-32135.99133999998,-32135.99133999998,0.27325899682896365,-1.05994268463938,-85.69597690666659,23.598841103121128,-303.1861232282901,896,2.953333333333333,1.4766666666666666
"{'open_window': 15, 'boll_length': 40}",-43536.01127999998,-43536.01127999998,0.7740700578337046,-0.9595144660151568,-116.09603007999993,19.894480845054662,-453.72959785384063,898,3.6422222222222222,1.8211111111111111
"{'open_window': 30, 'boll_length': 20}",-46903.016819999975,-46903.016819999975,0.08008944687037683,-0.9986445217011015,-125.07471152000011,8.641197490132711,-469.6667913433796,898,3.537777777777778,1.768888888888889
"{'open_window': 15, 'boll_length': 30}",-65125.41347999999,-65125.41347999999,0.21471142273241756,-0.9700661431593478,-173.66776927999993,6.867128587917063,-671.3502366745538,900,4.886666666666667,2.4433333333333334
"{'open_window': 15, 'boll_length': 20}",-96676.72955999998,-96676.72955999998,0.4278906823134773,-0.9829227924664846,-257.80461216000015,9.780398324355417,-983.5638190605547,900,7.088888888888889,3.5444444444444443
