"回测数据基于BINANCE交易所的eosusdt的1m分钟数据,开始时间为：2018-01-01 00:00:00,结束时间为：2020-07-01 00:00:00，'
'交易手续费设置为：0.002,滑点为：0.001,合约乘数为：1,盘口一跳为：0.001,合约方向：False(注：F 正向，T 反向)。'
'策略名为：BollVixV1,回测指标为：total_net_pnl。'
'回测时间为：2020-10-17 ，算法类型：EX
版本号：1.0，本次版本升级内容为：动态止盈止损 '
"
参数,总盈亏,总盈亏,Sharpe Ratio,收益回撤比,年化收益,收益标准差,百分比最大回撤,最长回撤天数,日均成交笔数,日均滑点
"{'open_window': 45, 'boll_length': 160}",16.9482778,16.9482778,1.6779152690695431,10.599618151276923,0.053875320158939234,0.0020708395436793547,-0.015989517318562928,7,0.26887417218543047,0.00026887417218543047
"{'open_window': 60, 'boll_length': 120}",16.5543354,16.5543354,1.6438060817073468,10.544083388590828,0.052623052927154995,0.0020647173689714426,-0.01570011805664718,7,0.27947019867549666,0.0002794701986754967
"{'open_window': 45, 'boll_length': 170}",16.488590600000006,16.488590600000006,1.5967366362212914,9.485979956810674,0.05241406283443379,0.0021171474932479943,-0.017382063503265793,7,0.27417218543046357,0.0002741721854304636
"{'open_window': 15, 'boll_length': 480}",16.2872536,16.2872536,1.6110737178895371,10.263374689020308,0.051774051178808816,0.0020727058898054717,-0.015869296497013085,7,0.27947019867549666,0.0002794701986754967
"{'open_window': 15, 'boll_length': 490}",16.2461724,16.2461724,1.5939209001436048,9.822046967011856,0.051643461933777064,0.002089731161641939,-0.016540515897108612,7,0.2768211920529801,0.00027682119205298014
"{'open_window': 15, 'boll_length': 470}",16.205047,16.205047,1.6175230219013443,10.711993026157302,0.0515127321854295,0.0020540302859211935,-0.015127947675497048,7,0.2847682119205298,0.0002847682119205298
"{'open_window': 30, 'boll_length': 240}",15.995701599999997,15.995701599999997,1.5900524485462466,10.136963408338707,0.050847263364238664,0.002062544854907354,-0.01577957910634456,7,0.28211920529801326,0.0002821192052980133
"{'open_window': 15, 'boll_length': 460}",15.880664200000002,15.880664200000002,1.5911973719429864,11.108135981786651,0.050481581562916746,0.0020462498600659906,-0.014296425814411593,7,0.2900662251655629,0.00029006622516556296
"{'open_window': 30, 'boll_length': 230}",15.801507200000003,15.801507200000003,1.585024079179917,10.544201575526614,0.050229956662250094,0.0020439883618394135,-0.0149859684366005,48,0.2980132450331126,0.0002980132450331126
"{'open_window': 45, 'boll_length': 150}",15.723445199999999,15.723445199999999,1.5742357022220874,7.273040461792154,0.0499818125562911,0.0020478371449606392,-0.0216188061686178,48,0.2980132450331126,0.00029801324503311264
"{'open_window': 60, 'boll_length': 130}",15.682298199999996,15.682298199999996,1.5230345350407382,8.763937228320948,0.04985101414569325,0.0021111462071343777,-0.017894124286195794,7,0.271523178807947,0.00027152317880794704
"{'open_window': 15, 'boll_length': 500}",15.666101999999997,15.666101999999997,1.5323950667197122,9.117909245152768,0.049799529536418065,0.0020960850993272545,-0.01718168231201308,7,0.27947019867549666,0.0002794701986754967
"{'open_window': 15, 'boll_length': 450}",15.514432200000002,15.514432200000002,1.5524622562829173,9.317108277686323,0.04931740037085752,0.002048975807533337,-0.016651552968590767,48,0.2980132450331126,0.0002980132450331126
"{'open_window': 30, 'boll_length': 250}",15.333941,15.333941,1.5056847934226623,8.939993585356007,0.04874365350993295,0.0020880727853253294,-0.017152071591099598,7,0.28211920529801326,0.0002821192052980133
"{'open_window': 15, 'boll_length': 520}",15.311260999999998,15.311260999999998,1.477913499721194,8.471746890651008,0.048671558145700726,0.0021241654705014277,-0.018073322064069714,7,0.2768211920529801,0.00027682119205298014
"{'open_window': 30, 'boll_length': 260}",15.2223746,15.2223746,1.477194178083347,8.459871897579653,0.04838900535099048,0.002112871800188812,-0.01799362305279607,7,0.27417218543046357,0.0002741721854304636
"{'open_window': 15, 'boll_length': 510}",15.171332199999995,15.171332199999995,1.4631026456407372,8.743272821430919,0.048226751364235584,0.0021260739114462757,-0.017352005947718074,7,0.2847682119205298,0.0002847682119205298
"{'open_window': 15, 'boll_length': 530}",15.036829999999998,15.036829999999998,1.4464037534887342,8.039137536273158,0.047799194701984286,0.0021315675624690024,-0.018704531340771297,7,0.271523178807947,0.00027152317880794704
"{'open_window': 30, 'boll_length': 270}",14.953323999999999,14.953323999999999,1.4403722572191455,7.773639490618916,0.047533745165562705,0.002128615202802245,-0.01923593706402944,7,0.2662251655629139,0.00026622516556291394
"{'open_window': 45, 'boll_length': 180}",14.9391128,14.9391128,1.4346072751211274,7.6705520279557815,0.04748857049006919,0.002135139474469521,-0.01947592917113977,7,0.2635761589403974,0.00026357615894039737
"{'open_window': 60, 'boll_length': 150}",14.8264386,14.8264386,1.4441990998120156,8.779941000410533,0.04713040084768103,0.002104973774282052,-0.01688671780289458,123,0.2423841059602649,0.0002423841059602649
"{'open_window': 45, 'boll_length': 200}",14.716816400000003,14.716816400000003,1.429430018148666,9.491839571704848,0.04678193292715232,0.002111009886212657,-0.01550470410801168,9,0.247682119205298,0.000247682119205298
"{'open_window': 15, 'boll_length': 540}",14.5459562,14.5459562,1.388785881125487,7.522859621090527,0.04623880116556464,0.0021475831208227383,-0.019335674108846304,7,0.271523178807947,0.00027152317880794704
"{'open_window': 60, 'boll_length': 140}",14.3395002,14.3395002,1.369216840612611,6.996818194170572,0.04558251719205358,0.0021473817562102314,-0.0204943158476623,8,0.2662251655629139,0.00026622516556291394
"{'open_window': 15, 'boll_length': 440}",14.322194999999997,14.322194999999997,1.410544635297069,7.713473817227273,0.04552750728476992,0.002081951465778224,-0.018567762514489057,48,0.31125827814569534,0.00031125827814569535
"{'open_window': 30, 'boll_length': 280}",14.319973400000002,14.319973400000002,1.382799571609836,7.160952243776659,0.04552044524503635,0.0021233954149803493,-0.01999730330899221,8,0.2662251655629139,0.00026622516556291394
"{'open_window': 15, 'boll_length': 430}",14.212394399999999,14.212394399999999,1.4106101376082167,7.567412147958685,0.04517847226489888,0.002065905651913693,-0.018781049746092186,7,0.31920529801324504,0.000319205298013245
"{'open_window': 60, 'boll_length': 110}",14.156525999999994,14.156525999999994,1.4077699934365782,7.767435163042983,0.045000877350992854,0.002061941939859943,-0.01822548331958506,48,0.3271523178807947,0.0003271523178807947
"{'open_window': 15, 'boll_length': 650}",14.153873399999998,14.153873399999998,1.3770590720050995,7.131534081835158,0.044992445245033694,0.002107532297929994,-0.019846884607971987,29,0.2185430463576159,0.00021854304635761588
"{'open_window': 30, 'boll_length': 290}",14.077259799999997,14.077259799999997,1.376575854318447,8.448027779020636,0.04474890532450496,0.002096868244554314,-0.016663368265619587,72,0.2609271523178808,0.0002609271523178808
"{'open_window': 30, 'boll_length': 300}",14.069094000000002,14.069094000000002,1.3563523233835242,8.046819869188706,0.0447229478145692,0.002126899442027132,-0.017484042427581222,123,0.25298013245033113,0.0002529801324503311
"{'open_window': 15, 'boll_length': 600}",14.029490599999995,14.029490599999995,1.3536585831771815,9.041754282667812,0.04459705621192203,0.0021251371419313447,-0.015516336942371546,13,0.25298013245033113,0.0002529801324503311
"{'open_window': 15, 'boll_length': 570}",13.991574199999995,13.991574199999995,1.3286908010907825,6.796799490634524,0.04447652725827346,0.0021592238802600064,-0.020585533263527717,8,0.2635761589403974,0.00026357615894039737
"{'open_window': 45, 'boll_length': 190}",13.975401399999997,13.975401399999997,1.3546973942166238,6.782187301691679,0.04442511703311039,0.00211532629916566,-0.020606038698626664,8,0.2582781456953642,0.00025827814569536427
"{'open_window': 15, 'boll_length': 610}",13.888796199999998,13.888796199999998,1.3462289028328822,8.853955000945891,0.044149815735103036,0.0021154508871343014,-0.01568654482490298,13,0.2423841059602649,0.0002423841059602649
"{'open_window': 15, 'boll_length': 550}",13.834461400000004,13.834461400000004,1.3223556877361908,6.921780631199393,0.043977095841058536,0.0021452227754174863,-0.019986853292694506,7,0.27417218543046357,0.0002741721854304636
"{'open_window': 15, 'boll_length': 560}",13.696686000000001,13.696686000000001,1.3122180041397646,6.811878928893197,0.043539134304635276,0.0021402816424155122,-0.02010706024428021,8,0.26887417218543047,0.00026887417218543047
"{'open_window': 15, 'boll_length': 590}",13.681678999999999,13.681678999999999,1.3256214103989226,7.819396443383596,0.0434914299337729,0.002116321438949825,-0.017497103643563414,123,0.2556291390728477,0.0002556291390728477
"{'open_window': 60, 'boll_length': 160}",13.477783800000005,13.477783800000005,1.3443507743496121,7.475087870741672,0.04284328625165555,0.0020557582930384164,-0.018030268049093478,42,0.23178807947019867,0.00023178807947019865
"{'open_window': 30, 'boll_length': 220}",13.356793799999998,13.356793799999998,1.3268247578249812,6.467000732902928,0.042458682278142486,0.00206422696175141,-0.020653768805131013,8,0.32980132450331123,0.0003298013245033113
"{'open_window': 15, 'boll_length': 920}",13.277329800000004,13.277329800000004,1.4491908178507964,7.565545392663707,0.04220608148344005,0.0018786924253893257,-0.017549732518786876,49,0.13642384105960265,0.00013642384105960265
"{'open_window': 30, 'boll_length': 310}",13.201431600000003,13.201431600000003,1.267240003797711,6.477932927836426,0.04196481568212126,0.0021361626488188012,-0.020379080405838364,17,0.23973509933774834,0.00023973509933774835
"{'open_window': 30, 'boll_length': 450}",13.156450600000001,13.156450600000001,1.4849168904968062,7.102701507217557,0.041821829721855476,0.0018168109098810929,-0.01852316416032853,29,0.13642384105960265,0.00013642384105960265
"{'open_window': 15, 'boll_length': 900}",13.1297394,13.1297394,1.4762892449925822,7.099626830911527,0.041736919947018655,0.0018237208648661531,-0.018493562707878098,29,0.1390728476821192,0.0001390728476821192
"{'open_window': 15, 'boll_length': 910}",13.113147800000002,13.113147800000002,1.4788229741049659,7.052844086366332,0.04168417843709016,0.001818297089784036,-0.018592709039676577,29,0.1337748344370861,0.0001337748344370861
"{'open_window': 30, 'boll_length': 200}",13.053793400000004,13.053793400000004,1.4315227087917752,6.599157976241242,0.04149550219867448,0.0019951817775040416,-0.019780998495560913,48,0.3443708609271523,0.0003443708609271523
"{'open_window': 30, 'boll_length': 460}",13.043829200000005,13.043829200000005,1.4511217585050094,7.384213696035626,0.0414638279205267,0.001843218536100315,-0.01766447957350135,49,0.1337748344370861,0.0001337748344370861
"{'open_window': 15, 'boll_length': 670}",12.9287348,12.9287348,1.3687123183649268,5.697544010899891,0.04109796492715093,0.0019369656883013251,-0.022691768199185093,29,0.2052980132450331,0.00020529801324503316
"{'open_window': 15, 'boll_length': 390}",12.923611799999996,12.923611799999996,1.4060743457654146,6.9207353551849335,0.04108167989403907,0.002015086716905809,-0.01867375522503916,48,0.35496688741721855,0.00035496688741721856
"{'open_window': 15, 'boll_length': 930}",12.9225604,12.9225604,1.4104459263389735,7.288529319010964,0.041078337695362316,0.0018787558256995807,-0.017729997142623768,49,0.1390728476821192,0.0001390728476821192
"{'open_window': 15, 'boll_length': 620}",12.902203199999997,12.902203199999997,1.2468686674608631,6.352930009933514,0.041013626066226286,0.0021218848776802237,-0.020309059252701222,17,0.23973509933774834,0.00023973509933774835
"{'open_window': 45, 'boll_length': 130}",12.8840282,12.8840282,1.4297524899901093,6.747716876769221,0.0409558512317874,0.0019792075519891837,-0.019093907517602614,48,0.34701986754966885,0.0003470198675496689
"{'open_window': 45, 'boll_length': 210}",12.776353399999998,12.776353399999998,1.272266139036606,6.180020953371051,0.0406135737218587,0.002059255948469999,-0.020673640908987847,13,0.23443708609271524,0.00023443708609271522
"{'open_window': 30, 'boll_length': 470}",12.776103799999998,12.776103799999998,1.4079599769853697,6.188538411524983,0.040612780291393,0.0018607563477002441,-0.02064478387369728,49,0.1337748344370861,0.0001337748344370861
"{'open_window': 60, 'boll_length': 100}",12.766100199999995,12.766100199999995,1.3872356967351,6.180580990521802,0.04058098076821586,0.0020160830919175,-0.020655178242269822,48,0.34701986754966885,0.0003470198675496689
"{'open_window': 15, 'boll_length': 400}",12.718936000000003,12.718936000000003,1.3812335646603773,5.8219173207864605,0.040431054834437666,0.002018142868842308,-0.021846644840847772,48,0.352317880794702,0.000352317880794702
"{'open_window': 45, 'boll_length': 300}",12.6435986,12.6435986,1.4902700072688397,6.9786994225680195,0.04019157170860777,0.0017397626386792208,-0.018117413911125205,62,0.13642384105960265,0.00013642384105960265
"{'open_window': 30, 'boll_length': 320}",12.604994599999998,12.604994599999998,1.2338238953022846,5.960300635863943,0.04006885700662455,0.002094954456169495,-0.02114825303300083,32,0.23178807947019867,0.00023178807947019865
"{'open_window': 30, 'boll_length': 330}",12.5342706,12.5342706,1.3291135158470377,5.789526108178988,0.0398440389933768,0.0019338537413602476,-0.0216499077226586,29,0.21059602649006623,0.00021059602649006626
"{'open_window': 60, 'boll_length': 230}",12.532911200000001,12.532911200000001,1.4362201261660887,7.186225470684195,0.03983971772185606,0.0017894419600353677,-0.017440186438802765,49,0.1337748344370861,0.0001337748344370861
"{'open_window': 15, 'boll_length': 640}",12.506294199999997,12.506294199999997,1.2220858009264723,6.37503025415748,0.039755107390731445,0.0020985251701619305,-0.019617623291818806,32,0.2370860927152318,0.00023708609271523177
"{'open_window': 30, 'boll_length': 190}",12.442433000000005,12.442433000000005,1.3927305549911715,6.410753959284204,0.039552104900660585,0.001965796714944877,-0.01940868902319992,48,0.35496688741721855,0.00035496688741721856
"{'open_window': 45, 'boll_length': 120}",12.406122400000001,12.406122400000001,1.419765493683955,7.678564315422151,0.03943668047681924,0.0019281868208011887,-0.01615682553453656,29,0.36026490066225164,0.0003602649006622517
"{'open_window': 15, 'boll_length': 660}",12.38898,12.38898,1.3111310614092568,5.5497500654899365,0.039382188079469825,0.001937667390072624,-0.02232349178576238,29,0.21059602649006623,0.00021059602649006623
"{'open_window': 15, 'boll_length': 960}",12.325385999999998,12.325385999999998,1.3489520988851444,6.3355749771079655,0.03918003496688916,0.0018736788960015101,-0.01945425007917243,53,0.1337748344370861,0.0001337748344370861
"{'open_window': 15, 'boll_length': 940}",12.301267799999998,12.301267799999998,1.364705923467179,6.740987124731388,0.039103367841056294,0.0018484277678488179,-0.01824846654115088,49,0.13642384105960265,0.00013642384105960265
"{'open_window': 15, 'boll_length': 950}",12.281579599999997,12.281579599999997,1.3454443358915826,6.368759551259801,0.03904078283443632,0.00187189121938261,-0.019284099990194082,53,0.13642384105960265,0.00013642384105960265
"{'open_window': 60, 'boll_length': 240}",12.2605954,12.2605954,1.3956689683719996,6.480064215142469,0.038974078092714935,0.001801447907859956,-0.018920484416419244,53,0.12847682119205298,0.00012847682119205298
"{'open_window': 30, 'boll_length': 180}",12.251771400000003,12.251771400000003,1.4031233920250203,6.674566838199217,0.038946028291391786,0.0019249940009465863,-0.018355904880421922,29,0.36821192052980134,0.0003682119205298014
"{'open_window': 15, 'boll_length': 420}",12.1716112,12.1716112,1.3195413539888978,4.254056728154145,0.038691214410597044,0.0020385760126806042,-0.028611774543217335,48,0.3271523178807947,0.0003271523178807947
"{'open_window': 15, 'boll_length': 970}",12.146552,12.146552,1.3261908027868567,5.565560726929939,0.03861155602649264,0.0018782009055988078,-0.021824489204165166,53,0.13642384105960265,0.00013642384105960265
"{'open_window': 15, 'boll_length': 630}",12.136439399999999,12.136439399999999,1.1710398584432715,6.013455282661667,0.038579410013241784,0.002125273746182429,-0.020182139601156498,123,0.247682119205298,0.000247682119205298
"{'open_window': 30, 'boll_length': 480}",12.103773999999998,12.103773999999998,1.3428732112203126,5.550742828522729,0.03847557298012773,0.001848339596268378,-0.02180568326423403,53,0.13112582781456952,0.00013112582781456955
"{'open_window': 15, 'boll_length': 410}",12.045190599999998,12.045190599999998,1.3067020046055464,4.64092141725259,0.03828934760265141,0.00202492185926519,-0.02595430845957195,48,0.34172185430463575,0.0003417218543046358
"{'open_window': 45, 'boll_length': 320}",12.030009399999999,12.030009399999999,1.3504685670104766,6.35230126709307,0.038241089483441196,0.0018267497570488823,-0.018938033468781562,53,0.1337748344370861,0.0001337748344370861
"{'open_window': 30, 'boll_length': 210}",11.933386199999998,11.933386199999998,1.295117158306224,4.076802482847214,0.03793394288741847,0.002026940156199886,-0.02927143576420262,48,0.33774834437086093,0.00033774834437086095
"{'open_window': 15, 'boll_length': 380}",11.887801200000002,11.887801200000002,1.305988851901429,5.905280699180406,0.03778903692715617,0.0020091695850366384,-0.02013079784954358,48,0.36821192052980134,0.0003682119205298014
"{'open_window': 45, 'boll_length': 310}",11.860226400000002,11.860226400000002,1.3472416282047877,6.652395848505714,0.037701381933775036,0.0018052973334270216,-0.017828503700158118,49,0.1390728476821192,0.00013907284768211923
"{'open_window': 30, 'boll_length': 490}",11.8047212,11.8047212,1.3139998542563984,6.284613468117042,0.03752494156291207,0.001842310708300045,-0.01878352783331364,49,0.12847682119205298,0.00012847682119205298
"{'open_window': 60, 'boll_length': 250}",11.753359400000003,11.753359400000003,1.3230857392986126,7.129972838704556,0.037361672264899594,0.0018217031157162788,-0.016484437831512315,125,0.12847682119205298,0.00012847682119205298
"{'open_window': 15, 'boll_length': 990}",11.6841546,11.6841546,1.2741679286975185,6.094711912739672,0.03714168349668926,0.0018805102272308183,-0.01917097110952361,125,0.13112582781456952,0.00013112582781456955
"{'open_window': 60, 'boll_length': 90}",11.627367,11.627367,1.3385508223522211,7.318774230036853,0.036961166622516556,0.0019224069710960824,-0.015887041510694956,41,0.3708609271523179,0.0003708609271523179
"{'open_window': 15, 'boll_length': 370}",11.621045400000003,11.621045400000003,1.3142219558552464,5.99079982221943,0.036941071470194715,0.001956229533579271,-0.01939815340999571,7,0.36821192052980134,0.0003682119205298014
"{'open_window': 15, 'boll_length': 680}",11.616660599999996,11.616660599999996,1.2381804029489454,4.995433980012603,0.036927133033112916,0.001923994886895553,-0.023254557354736173,29,0.20264900662251656,0.00020264900662251659
"{'open_window': 45, 'boll_length': 330}",11.581353799999997,11.581353799999997,1.3072320294549455,6.447214576914138,0.03681489949669165,0.001816828581705792,-0.017963344731026707,49,0.13112582781456952,0.00013112582781456955
"{'open_window': 45, 'boll_length': 220}",11.5681122,11.5681122,1.2406815197922454,5.538735018078365,0.03677280699337742,0.0019120963422727846,-0.020885837943577006,28,0.21589403973509932,0.00021589403973509936
"{'open_window': 15, 'boll_length': 980}",11.5536292,11.5536292,1.2558332101480905,5.298676184156868,0.036726768317883,0.0018866631529728067,-0.021804746692289368,125,0.1337748344370861,0.0001337748344370861
"{'open_window': 15, 'boll_length': 580}",11.548925999999998,11.548925999999998,1.0981271898647251,5.2392415063360405,0.03671181774834477,0.002156735871843039,-0.022043125872387277,8,0.2635761589403974,0.00026357615894039737
"{'open_window': 45, 'boll_length': 140}",11.519377800000003,11.519377800000003,1.2729872033217253,4.073110186610789,0.03661788969536427,0.0019950390739637103,-0.028281527560601583,48,0.3271523178807947,0.0003271523178807947
"{'open_window': 15, 'boll_length': 1000}",11.4940714,11.4940714,1.2557903488139415,5.977233841003796,0.03653744550993386,0.0018770072394403634,-0.019229750258640963,49,0.12847682119205298,0.00012847682119205298
"{'open_window': 30, 'boll_length': 170}",11.434816400000004,11.434816400000004,1.3223826632735487,7.697798205149783,0.03634908524503309,0.0019145193978754034,-0.014854658559833596,35,0.4,0.0004000000000000001
"{'open_window': 45, 'boll_length': 340}",11.377357399999998,11.377357399999998,1.2783518062916135,6.2409373685251115,0.03616643411920463,0.0018251675617839951,-0.01823020602222217,62,0.12317880794701987,0.00012317880794701985
"{'open_window': 30, 'boll_length': 340}",11.1908474,11.1908474,1.1911095307130055,4.732468417355597,0.035573554649006564,0.0019267574650296,-0.02364695633035664,29,0.20264900662251656,0.00020264900662251659
"{'open_window': 45, 'boll_length': 360}",11.052153599999997,11.052153599999997,1.2545140901621084,6.177034812326036,0.03513267369536319,0.0018067170945200062,-0.017892328497073583,57,0.11258278145695365,0.00011258278145695363
"{'open_window': 15, 'boll_length': 890}",10.840179800000001,10.840179800000001,1.2149807614934214,5.360584220665615,0.03445884969536482,0.001829744576016622,-0.020222011918421413,32,0.14437086092715232,0.00014437086092715232
"{'open_window': 45, 'boll_length': 290}",10.699355599999997,10.699355599999997,1.2427329278229686,5.561482551744572,0.0340111966092684,0.0017656566535247207,-0.019238315503916765,62,0.14966887417218544,0.00014966887417218542
"{'open_window': 30, 'boll_length': 500}",10.684706000000002,10.684706000000002,1.1813307388512226,5.442257956817423,0.03396462834436853,0.0018548885866411533,-0.019632854753999153,125,0.13112582781456952,0.00013112582781456955
"{'open_window': 30, 'boll_length': 160}",10.666049799999996,10.666049799999996,1.2404131017340931,7.760369085253356,0.033905323867553086,0.0019102078803553792,-0.013744255824467474,58,0.43973509933774835,0.0004397350993377483
"{'open_window': 30, 'boll_length': 510}",10.6581646,10.6581646,1.1782767748961946,5.392279072160357,0.03388025833112342,0.0018550791254765085,-0.01976560273934258,49,0.12582781456953643,0.00012582781456953643
"{'open_window': 60, 'boll_length': 170}",10.594861199999997,10.594861199999997,1.1498798697084383,4.847744968290355,0.03367902898013095,0.0018896070764200215,-0.021855236340405086,32,0.20794701986754968,0.0002079470198675497
"{'open_window': 15, 'boll_length': 690}",10.498320000000001,10.498320000000001,1.1208454519963051,4.462643860509308,0.033372143046360284,0.0019209005160425033,-0.02352488867171824,29,0.2052980132450331,0.00020529801324503316
"{'open_window': 45, 'boll_length': 350}",10.482582799999996,10.482582799999996,1.1882786755326893,5.562412101519816,0.03332211750993351,0.0018091773427192127,-0.018845390468526714,62,0.1205298013245033,0.0001205298013245033
"{'open_window': 15, 'boll_length': 350}",10.462980600000003,10.462980600000003,1.2123462995494636,5.320659062185773,0.03325980588079136,0.0019246583495639929,-0.019664820612844656,42,0.3920529801324503,0.0003920529801324504
"{'open_window': 30, 'boll_length': 150}",10.436606799999996,10.436606799999996,1.2227747257483386,6.295128541106318,0.0331759686357599,0.0018966208554174156,-0.016578862102417564,41,0.45298013245033114,0.00045298013245033116
"{'open_window': 45, 'boll_length': 280}",10.428382999999997,10.428382999999997,1.2234333253386456,5.669019351941086,0.033149826754969136,0.0017481109167397663,-0.018395391429436563,55,0.1629139072847682,0.00016291390728476822
"{'open_window': 45, 'boll_length': 270}",10.3999494,10.3999494,1.1969206159168422,5.105525412812952,0.03305944180132308,0.0017819635400519336,-0.02036998851068214,17,0.17086092715231788,0.0001708609271523179
"{'open_window': 30, 'boll_length': 540}",10.3919346,10.3919346,1.1802060536035697,6.25870430396085,0.03303396429139174,0.0018058084290476924,-0.016603971198038123,32,0.1152317880794702,0.0001152317880794702
"{'open_window': 60, 'boll_length': 270}",10.3243476,10.3243476,1.173613126702741,6.177002839042493,0.03281911819868011,0.0018041483056529986,-0.016714170074109667,32,0.11258278145695365,0.00011258278145695363
"{'open_window': 15, 'boll_length': 340}",10.3065312,10.3065312,1.1881423262148614,6.221126118626741,0.032762483284766525,0.0019351517492997355,-0.016566986432151844,125,0.4105960264900662,0.0004105960264900663
"{'open_window': 30, 'boll_length': 400}",10.267878000000001,10.267878000000001,1.125752121502057,3.6695206775390745,0.03263961218543349,0.0018705689719660209,-0.02798152375281612,32,0.16821192052980133,0.00016821192052980132
"{'open_window': 45, 'boll_length': 380}",10.220393999999995,10.220393999999995,1.1714543272780649,5.918768143248377,0.03248866966887441,0.0017892832978591607,-0.017267772199623374,29,0.10463576158940398,0.000104635761589404
"{'open_window': 30, 'boll_length': 520}",10.206098999999998,10.206098999999998,1.128518863855906,5.523953265719101,0.032443228609274066,0.001854761594121301,-0.018476077745513266,49,0.12317880794701987,0.00012317880794701985
"{'open_window': 45, 'boll_length': 230}",10.205412800000001,10.205412800000001,1.1376967201245467,4.514403596265193,0.032441047311256806,0.001839675505143349,-0.02260633676714808,28,0.2052980132450331,0.00020529801324503316
"{'open_window': 15, 'boll_length': 360}",10.165297399999998,10.165297399999998,1.1712965845594825,4.736686684343298,0.0323135281589402,0.0019401902379340978,-0.021460776440207534,42,0.37880794701986753,0.0003788079470198676
"{'open_window': 30, 'boll_length': 380}",10.087596199999998,10.087596199999998,1.084904902900365,3.685585692063344,0.03206653096689163,0.0019069342952763855,-0.02737040200075736,32,0.18410596026490067,0.0001841059602649007
"{'open_window': 30, 'boll_length': 440}",10.061664400000002,10.061664400000002,1.1444566577293342,5.0429951599589,0.03198409875496901,0.0018030623802253926,-0.019951762952083958,32,0.14437086092715232,0.00014437086092715232
"{'open_window': 45, 'boll_length': 370}",10.030044799999997,10.030044799999997,1.140377766824268,5.489114797326475,0.031883586119205734,0.0018038278662726452,-0.01827260891844595,57,0.11258278145695365,0.00011258278145695363
"{'open_window': 30, 'boll_length': 560}",10.017359999999996,10.017359999999996,1.1417292194298212,5.884024297251347,0.031843263576161684,0.0017994152696775903,-0.017024674770089503,29,0.10993377483443709,0.0001099337748344371
"{'open_window': 60, 'boll_length': 260}",9.980865,9.980865,1.141897662465584,6.3515994263663105,0.03172725298012876,0.0017925984850497003,-0.01571393963946621,49,0.1205298013245033,0.0001205298013245033
"{'open_window': 30, 'boll_length': 550}",9.972095599999998,9.972095599999998,1.1404661184747038,5.789284330872936,0.03169937674171976,0.0017932723968007332,-0.01722509213586285,32,0.11258278145695365,0.00011258278145695364
"{'open_window': 60, 'boll_length': 70}",9.949478199999994,9.949478199999994,1.1663699156092624,4.784819060692352,0.03162748037086031,0.0018967603396849162,-0.020793844184695542,41,0.495364238410596,0.000495364238410596
"{'open_window': 30, 'boll_length': 530}",9.824179599999999,9.824179599999999,1.120338824894354,6.131328134237841,0.03122918018542988,0.0017984250121157513,-0.016022922578781566,32,0.11788079470198676,0.00011788079470198676
"{'open_window': 30, 'boll_length': 350}",9.8021496,9.8021496,1.044773454388367,4.151591395821477,0.03115915104635772,0.0019241773672113757,-0.023610583666460454,32,0.2052980132450331,0.00020529801324503316
"{'open_window': 60, 'boll_length': 190}",9.7944918,9.7944918,1.0767162887790391,3.7706382115769657,0.031134808370858545,0.0018656350618101616,-0.025975687006850157,32,0.1814569536423841,0.00018145695364238411
"{'open_window': 30, 'boll_length': 390}",9.784193599999998,9.784193599999998,1.0751769742490045,3.538606562369727,0.031102072370860365,0.0018663426346378032,-0.027649848683509944,32,0.17350993377483442,0.00017350993377483444
"{'open_window': 60, 'boll_length': 280}",9.765487,9.765487,1.1135217662232828,5.574601713322498,0.0310426076821182,0.0017986302618942418,-0.01751782011020011,29,0.10728476821192053,0.00010728476821192053
"{'open_window': 60, 'boll_length': 200}",9.731066199999999,9.731066199999999,1.0969058644034477,3.3662952213439152,0.030933190569538097,0.0018194432584182467,-0.028907346385726753,32,0.17086092715231788,0.0001708609271523179
"{'open_window': 60, 'boll_length': 220}",9.714029400000001,9.714029400000001,1.1260155617210201,4.854166135213755,0.030879033854307427,0.0017693055428443633,-0.020011736577230103,32,0.14701986754966886,0.00014701986754966885
"{'open_window': 15, 'boll_length': 320}",9.708005199999997,9.708005199999997,1.1044540512456698,5.741122990682725,0.030859884079469605,0.001966804726440516,-0.016909592802235637,50,0.4503311258278146,0.0004503311258278146
"{'open_window': 30, 'boll_length': 570}",9.7042398,9.7042398,1.1148483924230574,5.910890688323796,0.030847914596023714,0.0017852281952803134,-0.016417559233786207,29,0.10198675496688742,0.00010198675496688744
"{'open_window': 15, 'boll_length': 840}",9.647209199999999,9.647209199999999,1.1012514560960103,5.131528711789585,0.030666625271526554,0.001796654078269134,-0.018799873764394594,32,0.16026490066225166,0.00016026490066225164
"{'open_window': 60, 'boll_length': 80}",9.637445200000002,9.637445200000002,1.1280389717975032,5.4524079787056,0.03063558739072595,0.0019139497815489623,-0.017675576071413374,41,0.43443708609271525,0.00043443708609271523
"{'open_window': 15, 'boll_length': 700}",9.622562600000004,9.622562600000004,1.0247173884684464,3.9202239883410033,0.030588278463576674,0.001925912007761525,-0.024545951018661888,29,0.2052980132450331,0.00020529801324503316
"{'open_window': 15, 'boll_length': 850}",9.600254800000002,9.600254800000002,1.0945142508155152,5.049977814266116,0.03051736625165435,0.0017989190668079944,-0.019010489061712335,32,0.15496688741721854,0.00015496688741721855
"{'open_window': 15, 'boll_length': 290}",9.574451599999998,9.574451599999998,1.1196573441185982,5.611311632221138,0.03043534283443225,0.0019092447230704974,-0.01706276932655156,102,0.49271523178807947,0.0004927152317880794
"{'open_window': 15, 'boll_length': 760}",9.485470999999993,9.485470999999993,1.0268715564895508,3.594119986845849,0.030152490596023918,0.0018945041126234737,-0.026391636992407454,22,0.18675496688741722,0.00018675496688741724
"{'open_window': 15, 'boll_length': 820}",9.479630199999997,9.479630199999997,1.0501632000516365,3.028813536751581,0.030133923814569464,0.0018513456209581056,-0.03129816373630888,32,0.16821192052980133,0.00016821192052980132
"{'open_window': 30, 'boll_length': 370}",9.440313599999998,9.440313599999998,1.0140463814864542,3.8558648265726507,0.030008943894039294,0.001909335985431016,-0.0244829993389344,32,0.18940397350993377,0.0001894039735099338
"{'open_window': 45, 'boll_length': 390}",9.439636199999995,9.439636199999995,1.075541217276227,5.615598878186728,0.030006790569541333,0.0018000392272872403,-0.016809669644797697,29,0.10463576158940398,0.00010463576158940397
"{'open_window': 30, 'boll_length': 430}",9.3351582,9.3351582,1.0694780897985774,4.826568613346847,0.029674675072844412,0.0017902176235186416,-0.019341190290312213,32,0.15496688741721854,0.00015496688741721855
"{'open_window': 15, 'boll_length': 710}",9.3018084,9.3018084,1.0070739883067423,3.722963758554606,0.029568662463574924,0.0018943611221784193,-0.024984955544157438,28,0.2,0.00020000000000000004
"{'open_window': 15, 'boll_length': 880}",9.257177199999997,9.257177199999997,1.0459315389175137,4.6514645218861155,0.029426788450329252,0.0018152357988987695,-0.019901639916723973,32,0.152317880794702,0.00015231788079470197
"{'open_window': 15, 'boll_length': 870}",9.224424399999997,9.224424399999997,1.0439336309302096,4.708422749664062,0.029322673589398815,0.0018122780374493904,-0.01959132578028709,32,0.152317880794702,0.00015231788079470197
"{'open_window': 15, 'boll_length': 280}",9.202199800000004,9.202199800000004,1.0637947839390571,5.1059971266871,0.029252025854305443,0.0019318011655808267,-0.01802233642456214,112,0.5086092715231788,0.0005086092715231789
"{'open_window': 15, 'boll_length': 860}",9.2017466,9.2017466,1.0486173651084947,4.757677071751121,0.029250585218544647,0.0017997498930694346,-0.019340838945619505,32,0.15496688741721854,0.00015496688741721855
"{'open_window': 15, 'boll_length': 810}",9.1844568,9.1844568,1.013038700379018,2.8849395559614823,0.02919562426490037,0.0018594595983091296,-0.031835872543745355,32,0.17086092715231788,0.0001708609271523179
"{'open_window': 30, 'boll_length': 580}",9.174799799999999,9.174799799999999,1.0490334010443594,5.504691198634821,0.02916492651655707,0.0017937701689697471,-0.016667237941113973,29,0.10463576158940398,0.00010463576158940397
"{'open_window': 60, 'boll_length': 290}",9.159195999999996,9.159195999999996,1.047492338139903,5.343810602472459,0.029115325033117288,0.001793355352612231,-0.017139821526915136,29,0.10198675496688742,0.00010198675496688744
"{'open_window': 30, 'boll_length': 360}",9.151980199999999,9.151980199999999,0.9789286812872164,3.1574370591397165,0.029092387390726955,0.0019174499258285745,-0.02898547153460311,32,0.2,0.00020000000000000004
"{'open_window': 15, 'boll_length': 330}",9.126792600000002,9.126792600000002,1.0558862873177948,4.6944054085986755,0.02901232084768367,0.0019463705274796348,-0.019441850044061113,125,0.43973509933774835,0.0004397350993377483
"{'open_window': 15, 'boll_length': 770}",9.071037599999995,9.071037599999995,0.992089253945336,2.9729445995550887,0.02883508641060043,0.0018752880674199482,-0.030511963126924387,22,0.17880794701986755,0.00017880794701986757
"{'open_window': 15, 'boll_length': 790}",9.062753599999997,9.062753599999997,0.9852568353995659,2.5008130301558844,0.028808753165562473,0.0018865688712784434,-0.03623922896560943,32,0.17086092715231788,0.0001708609271523179
"{'open_window': 15, 'boll_length': 310}",9.037604599999998,9.037604599999998,1.0352702756093184,4.9085690155977755,0.028728809324501985,0.001964105830399908,-0.01841189269475712,41,0.46357615894039733,0.0004635761589403973
"{'open_window': 30, 'boll_length': 410}",8.989283000000002,8.989283000000002,0.9925744220419008,2.691079222775483,0.028575204238412054,0.0018574858584213987,-0.033404007299083646,32,0.1629139072847682,0.00016291390728476822
"{'open_window': 45, 'boll_length': 260}",8.886522199999998,8.886522199999998,0.9923316758677477,2.545200327001226,0.028248547390728733,0.001836710665531424,-0.034914824211382395,22,0.176158940397351,0.000176158940397351
"{'open_window': 15, 'boll_length': 780}",8.800581599999996,8.800581599999996,0.9647801633130825,2.53110989793538,0.027975358728481305,0.0018709003048447887,-0.03476965424211736,22,0.17350993377483442,0.00017350993377483444
"{'open_window': 30, 'boll_length': 590}",8.7792104,8.7792104,1.0014979154115065,4.958387542568272,0.02790742378808146,0.001797933019667835,-0.01770577697816113,29,0.10198675496688742,0.00010198675496688744
"{'open_window': 30, 'boll_length': 620}",8.705823999999996,8.705823999999996,0.9532735992805726,4.265249273799302,0.027674142516561147,0.0018731045152830955,-0.020411055582331184,26,0.09668874172185431,9.668874172185431e-05
"{'open_window': 45, 'boll_length': 400}",8.626858799999999,8.626858799999999,0.9895662270460983,4.907219651274177,0.02742312731125977,0.001788048240542155,-0.01757993204514592,29,0.10198675496688742,0.00010198675496688744
"{'open_window': 15, 'boll_length': 830}",8.548049999999998,8.548049999999998,0.9491024243465843,2.4094044766472438,0.0271726092715201,0.0018472560084223356,-0.03547785389646943,32,0.16821192052980133,0.00016821192052980132
"{'open_window': 30, 'boll_length': 420}",8.512525200000002,8.512525200000002,0.9505298849494616,2.498890458161945,0.02705968275496551,0.0018368196740289372,-0.03406521951450781,32,0.16026490066225166,0.00016026490066225164
"{'open_window': 60, 'boll_length': 180}",8.493190600000005,8.493190600000005,0.9228729780998983,2.91928656893552,0.026998221774836836,0.0018875707882042153,-0.029093377438096757,32,0.2052980132450331,0.00020529801324503316
"{'open_window': 30, 'boll_length': 140}",8.490476999999998,8.490476999999998,0.9625539353944375,2.957499421424542,0.026989595761583923,0.0019851025034875684,-0.028708296402332543,41,0.5006622516556292,0.0005006622516556292
"{'open_window': 15, 'boll_length': 720}",8.416446599999997,8.416446599999997,0.906596008219399,3.1947215291901165,0.02675426733774575,0.0019041052139592465,-0.026344852041400958,28,0.2052980132450331,0.00020529801324503316
"{'open_window': 45, 'boll_length': 110}",8.412954800000001,8.412954800000001,0.98941035559042,4.816402885525568,0.02674316757616259,0.0019354622592066566,-0.01746729872885857,125,0.43178807947019865,0.0004317880794701987
"{'open_window': 15, 'boll_length': 750}",8.370701599999995,8.370701599999995,0.9052463086161441,3.493723304495901,0.026608852768212194,0.0018965839150648191,-0.02395925741809101,22,0.19735099337748344,0.00019735099337748346
"{'open_window': 15, 'boll_length': 800}",8.369017399999999,8.369017399999999,0.906180091914565,2.2729789513683643,0.026603499019869525,0.0018942485157683476,-0.03681959920905717,32,0.176158940397351,0.000176158940397351
"{'open_window': 45, 'boll_length': 240}",8.343047799999995,8.343047799999995,0.9149946555158475,3.101441654888584,0.026520946649003632,0.0018701814269417524,-0.026900547320787095,55,0.20794701986754968,0.0002079470198675497
"{'open_window': 30, 'boll_length': 670}",8.327202999999999,8.327202999999999,0.9640735696627384,4.085480275006612,0.02647057907284876,0.0017716049468092302,-0.020382433494889073,29,0.09403973509933775,9.403973509933776e-05
"{'open_window': 45, 'boll_length': 250}",8.299065999999998,8.299065999999998,0.909539688899623,2.7337431671124013,0.02638113695364016,0.0018714838477981322,-0.030357884748790937,22,0.1947019867549669,0.0001947019867549669
"{'open_window': 30, 'boll_length': 130}",8.286351,8.286351,0.9843330997825328,3.919541231810571,0.026340718410595224,0.001889510168033021,-0.021141124713138934,202,0.5536423841059602,0.0005536423841059603
"{'open_window': 15, 'boll_length': 300}",8.278603399999996,8.278603399999996,0.9801836910885721,4.390225104042283,0.02631609027814702,0.0019134392836185484,-0.01885689959810472,41,0.4768211920529801,0.0004768211920529801
"{'open_window': 60, 'boll_length': 330}",8.264523,8.264523,0.9587960186235654,3.9366043927138743,0.026271331390725024,0.0017679535066765606,-0.020994039978453092,29,0.09403973509933775,9.403973509933776e-05
"{'open_window': 60, 'boll_length': 310}",8.243225799999998,8.243225799999998,0.9352198000096835,4.3445838018554985,0.0262036316821186,0.0018078535012407055,-0.018973568415182294,32,0.09403973509933775,9.403973509933776e-05
"{'open_window': 30, 'boll_length': 110}",8.16829540000001,8.16829540000001,0.9237269698512626,3.3273869807725767,0.02596544233113138,0.0019804062417947384,-0.02454867872959331,29,0.6516556291390728,0.0006516556291390729
"{'open_window': 30, 'boll_length': 650}",8.1309024,8.1309024,0.9395238767932049,3.878879129644046,0.025846577165565827,0.001775060235354183,-0.020961989606381643,29,0.09933774834437085,9.933774834437086e-05
"{'open_window': 15, 'boll_length': 730}",8.120301599999998,8.120301599999998,0.8720106543380428,3.033011164917589,0.02581287925828094,0.0019099973618988764,-0.026773068605639366,28,0.20264900662251656,0.00020264900662251659
"{'open_window': 15, 'boll_length': 740}",8.112294,8.112294,0.8767508072443291,3.4773412529969185,0.02578742463576165,0.001897798415770871,-0.023329013202280636,22,0.20264900662251656,0.00020264900662251659
"{'open_window': 30, 'boll_length': 730}",8.1000868,8.1000868,0.8846363604431884,3.6122652790628385,0.025748620291391664,0.001878052481734745,-0.022423842586948017,29,0.09668874172185431,9.668874172185431e-05
"{'open_window': 30, 'boll_length': 120}",8.080119999999997,8.080119999999997,0.9343898215905831,3.709999862525848,0.025685149668874956,0.001937582477903815,-0.021779299998407886,126,0.6066225165562914,0.0006066225165562915
"{'open_window': 45, 'boll_length': 440}",8.071667199999998,8.071667199999998,0.9424489783479815,3.9563209940442596,0.025658279841060554,0.0017566646159408947,-0.020401952248442864,29,0.09668874172185431,9.668874172185431e-05
"{'open_window': 60, 'boll_length': 210}",8.047135999999998,8.047135999999998,0.9200208810484232,2.3526094831349975,0.025580299867549876,0.0017940214993500084,-0.034205149888611175,32,0.1629139072847682,0.00016291390728476822
"{'open_window': 60, 'boll_length': 340}",8.007047000000002,8.007047000000002,0.9275544107277045,3.8712125121052634,0.025452864635755912,0.001770589315655306,-0.02068356354749375,29,0.0913907284768212,9.13907284768212e-05
"{'open_window': 30, 'boll_length': 660}",7.990225599999999,7.990225599999999,0.9249478238008516,3.752937291280421,0.02539939263576427,0.001771850306580065,-0.021290591821412377,29,0.09933774834437085,9.933774834437086e-05
"{'open_window': 30, 'boll_length': 740}",7.9657104,7.9657104,0.8891863228568656,3.451018951021197,0.025321463523177903,0.0018374583037853972,-0.023082198368231412,29,0.0913907284768212,9.13907284768212e-05
"{'open_window': 30, 'boll_length': 680}",7.960604599999999,7.960604599999999,0.920782264250826,3.827424380199555,0.02530523316556725,0.0017732704293566116,-0.02079885533776715,29,0.09403973509933775,9.403973509933776e-05
"{'open_window': 45, 'boll_length': 410}",7.917862599999998,7.917862599999998,0.9034370574800706,4.114521128270311,0.025169364556290836,0.0017976156988691692,-0.01924370383128495,32,0.09933774834437085,9.933774834437087e-05
"{'open_window': 45, 'boll_length': 490}",7.8654106,7.8654106,0.8734316271677699,3.529347027578033,0.025002629721850102,0.0018470574992126663,-0.022285738802500843,29,0.09668874172185431,9.668874172185431e-05
"{'open_window': 30, 'boll_length': 630}",7.787099599999998,7.787099599999998,0.8610940228151189,3.6716078654105675,0.024753694092717392,0.0018548755825498501,-0.02120896317213306,26,0.09668874172185431,9.668874172185431e-05
"{'open_window': 30, 'boll_length': 750}",7.761487199999999,7.761487199999999,0.8680113341689001,3.634351257396307,0.024672277192052363,0.0018340439332483907,-0.02135590824966167,29,0.0913907284768212,9.13907284768212e-05
"{'open_window': 15, 'boll_length': 260}",7.756256399999998,7.756256399999998,0.9207211784703626,3.8406571596668204,0.02465564948344369,0.001901123490500263,-0.020195128275060238,190,0.5589403973509933,0.0005589403973509934
"{'open_window': 45, 'boll_length': 450}",7.752794600000001,7.752794600000001,0.9087240110509561,3.773944763329862,0.02464464508609272,0.001749913769018819,-0.020542946667718272,29,0.09403973509933775,9.403973509933776e-05
"{'open_window': 30, 'boll_length': 820}",7.7180992,7.7180992,0.8584397850555319,3.235417019130107,0.024534355072848724,0.0018441304792140192,-0.023855036783095928,29,0.08344370860927153,8.344370860927153e-05
"{'open_window': 60, 'boll_length': 300}",7.656299599999999,7.656299599999999,0.882693361618678,4.364741299950845,0.024337906013240176,0.0017791047816223078,-0.01754124488451285,29,0.09933774834437085,9.933774834437087e-05
"{'open_window': 45, 'boll_length': 430}",7.5995148,7.5995148,0.8525121220812992,3.2952823595650513,0.02415739803973752,0.0018284327946365552,-0.02306180160234837,32,0.09933774834437085,9.933774834437087e-05
"{'open_window': 30, 'boll_length': 600}",7.5873732,7.5873732,0.8743118211723224,4.21346615759601,0.024118802225164937,0.0017799961356943152,-0.018007438332740218,29,0.10198675496688742,0.00010198675496688744
"{'open_window': 30, 'boll_length': 760}",7.5793974,7.5793974,0.8486897270959644,3.5194172403028667,0.02409344868874673,0.0018318076557700205,-0.021535944397855264,29,0.0913907284768212,9.13907284768212e-05
"{'open_window': 15, 'boll_length': 220}",7.575158000000011,7.575158000000011,0.8534079914837682,3.641689760440358,0.02407997245032927,0.0020008472488183423,-0.02080121728733811,29,0.6649006622516557,0.0006649006622516556
"{'open_window': 30, 'boll_length': 690}",7.4631430000000005,7.4631430000000005,0.8534904331175504,3.518961131536085,0.023723898278150832,0.0017935759226736282,-0.02120837008717919,29,0.09403973509933775,9.403973509933776e-05
"{'open_window': 30, 'boll_length': 610}",7.447960799999996,7.447960799999996,0.8312267348030838,3.705153865856708,0.023675636980132406,0.001837870336192815,-0.020101623494326502,26,0.10198675496688742,0.00010198675496688744
"{'open_window': 15, 'boll_length': 190}",7.443248399999996,7.443248399999996,0.8249304529962518,3.34522043686329,0.02366065716556571,0.002040359889351973,-0.022250397366877814,101,0.7894039735099337,0.0007894039735099338
"{'open_window': 15, 'boll_length': 230}",7.414622600000005,7.414622600000005,0.8407711004312377,3.2884891063878654,0.023569661245031095,0.001990552807953718,-0.022547201344217675,29,0.6437086092715232,0.0006437086092715232
"{'open_window': 30, 'boll_length': 810}",7.3962526,7.3962526,0.8252044287607014,3.1293394019512855,0.023511266543047724,0.001838435069717286,-0.023635188293697162,29,0.08609271523178808,8.609271523178808e-05
"{'open_window': 30, 'boll_length': 770}",7.395269600000001,7.395269600000001,0.8264942253440094,3.4008166660841948,0.023508141774831362,0.0018353222093413577,-0.02174556974432313,29,0.0913907284768212,9.13907284768212e-05
"{'open_window': 45, 'boll_length': 100}",7.3672246000000055,7.3672246000000055,0.8727797297825438,2.7419907693075514,0.02341899210596397,0.0019418720721207858,-0.026868159741696165,6,0.46622516556291393,0.000466225165562914
"{'open_window': 30, 'boll_length': 640}",7.316819199999998,7.316819199999998,0.8048097969288063,3.2652915568152956,0.023258763019862405,0.0018647855885166582,-0.02240785875529786,26,0.09668874172185431,9.668874172185431e-05
"{'open_window': 15, 'boll_length': 270}",7.272945800000003,7.272945800000003,0.8525751513638442,3.986456843814509,0.023119297907280664,0.0019390093981320369,-0.018244135293433824,102,0.543046357615894,0.0005430463576158941
"{'open_window': 45, 'boll_length': 460}",7.2546118,7.2546118,0.8363478132382222,3.5107387699256645,0.02306101764237874,0.0017792150239949907,-0.020664060402739447,29,0.09668874172185431,9.668874172185431e-05
"{'open_window': 45, 'boll_length': 550}",7.235647000000001,7.235647000000001,0.8077842577909551,2.9212416063640236,0.023000732185427326,0.0018373148375973368,-0.024769081010745264,29,0.08344370860927153,8.344370860927153e-05
"{'open_window': 45, 'boll_length': 690}",7.208862,7.208862,0.8465269519106822,3.1783968941280754,0.022915587814565777,0.0017467393330977258,-0.02268081123951769,29,0.059602649006622516,5.9602649006622515e-05
"{'open_window': 30, 'boll_length': 780}",7.1991444,7.1991444,0.8046196674479857,3.1291102161056146,0.022884697430459067,0.001835238999079319,-0.023007001680363928,29,0.0913907284768212,9.13907284768212e-05
"{'open_window': 45, 'boll_length': 90}",7.186664000000004,7.186664000000004,0.846664793123803,4.723003264173717,0.022845024635763735,0.001939899024086996,-0.015216301149980198,122,0.5377483443708609,0.0005377483443708609
"{'open_window': 60, 'boll_length': 370}",7.1843834,7.1843834,0.8045806994066466,3.1554677166343024,0.022837775046352832,0.0018315661114410475,-0.02276804596074756,29,0.09403973509933775,9.403973509933776e-05
"{'open_window': 30, 'boll_length': 790}",7.098596799999999,7.098596799999999,0.7901805556671015,3.058884703859727,0.022565075920534465,0.001842683474784653,-0.023206486962533752,29,0.0913907284768212,9.13907284768212e-05
"{'open_window': 45, 'boll_length': 500}",7.058496000000001,7.058496000000001,0.8023711091426589,3.2388525281953067,0.022437603178803618,0.0018044395240163734,-0.021793199716726965,29,0.09403973509933775,9.403973509933776e-05
"{'open_window': 45, 'boll_length': 540}",7.0385996,7.0385996,0.7869537208455888,2.881182989419275,0.022374356344370776,0.0018346065518280983,-0.02442954725835952,29,0.08609271523178808,8.609271523178808e-05
"{'open_window': 30, 'boll_length': 700}",7.026321599999999,7.026321599999999,0.799533082033147,3.266704765266842,0.02233532694040069,0.0018025931858379443,-0.02150889690035121,44,0.09403973509933775,9.403973509933776e-05
"{'open_window': 60, 'boll_length': 350}",6.918763199999997,6.918763199999997,0.7908164622258009,3.1965862498807636,0.02199341944370529,0.0017945734528804823,-0.02164422499238691,44,0.0913907284768212,9.13907284768212e-05
"{'open_window': 45, 'boll_length': 420}",6.9063434,6.9063434,0.7814485511685282,3.0899664504316373,0.021953939284766317,0.0018128276700961148,-0.0223508685637498,32,0.09933774834437085,9.933774834437087e-05
"{'open_window': 30, 'boll_length': 710}",6.7560313999999995,6.7560313999999995,0.7669509339020055,2.982328038650735,0.021476126304633383,0.0018069081797152916,-0.022653548880074963,44,0.09403973509933775,9.403973509933776e-05
"{'open_window': 60, 'boll_length': 380}",6.706861399999999,6.706861399999999,0.7509433049819033,3.056219661688984,0.02131982431788393,0.0018319990921814508,-0.021944958616929112,29,0.09403973509933775,9.403973509933776e-05
"{'open_window': 45, 'boll_length': 750}",6.684463000000001,6.684463000000001,0.7740779590630227,2.2480598247142307,0.021248624105958947,0.0017713132873420174,-0.02973436439063316,29,0.05695364238410596,5.695364238410595e-05
"{'open_window': 30, 'boll_length': 800}",6.684089799999999,6.684089799999999,0.7444062382354552,2.853208627304941,0.021247437774833778,0.0018418142913194623,-0.02342657223181535,29,0.0913907284768212,9.13907284768212e-05
"{'open_window': 60, 'boll_length': 60}",6.550743800000005,6.550743800000005,0.7818264099581244,2.0261024085876613,0.020823556450331418,0.0019148458410083748,-0.032331750716225786,126,0.5960264900662252,0.0005960264900662252
"{'open_window': 45, 'boll_length': 80}",6.549234800000003,6.549234800000003,0.7619109502739355,2.7503516782877218,0.0208187596291448,0.001970164206422763,-0.023812354077130744,6,0.5933774834437087,0.0005933774834437086
"{'open_window': 45, 'boll_length': 800}",6.5060244,6.5060244,0.7724888727655539,2.615381614414721,0.020681402066222796,0.0017275908146702366,-0.02487600419052114,29,0.051655629139072845,5.1655629139072855e-05
"{'open_window': 60, 'boll_length': 320}",6.4873116,6.4873116,0.732776459220344,2.951895338673132,0.020621917668876787,0.0018159801066896003,-0.021976766977506897,32,0.09933774834437085,9.933774834437087e-05
"{'open_window': 60, 'boll_length': 520}",6.4792581999999985,6.4792581999999985,0.7578846553289654,2.846472089465014,0.02059631745694854,0.0017536389572397608,-0.022762416058736596,29,0.06225165562913907,6.225165562913907e-05
"{'open_window': 60, 'boll_length': 390}",6.426746,6.426746,0.7192249508767662,2.739091648004175,0.02042939125827474,0.0018329285767012722,-0.023463055734851895,29,0.0913907284768212,9.13907284768212e-05
"{'open_window': 45, 'boll_length': 510}",6.4244398,6.4244398,0.7271479952052656,2.7335106494463033,0.020422060291387774,0.001812306526625466,-0.023502523398986567,29,0.0913907284768212,9.13907284768212e-05
"{'open_window': 60, 'boll_length': 50}",6.424023600000005,6.424023600000005,0.7306772488060355,2.5391087226898397,0.02042073727152369,0.0020158492807494078,-0.025300309288035467,41,0.7258278145695364,0.0007258278145695365
"{'open_window': 45, 'boll_length': 480}",6.423331199999999,6.423331199999999,0.7422143143592559,2.867011088006399,0.02041853626490258,0.001775211961213107,-0.022404277496070386,44,0.09668874172185431,9.668874172185431e-05
"{'open_window': 15, 'boll_length': 200}",6.409260199999996,6.409260199999996,0.7331759245213699,2.590601741041314,0.020373807258277754,0.002005688088542798,-0.024740430373615136,225,0.7549668874172185,0.0007549668874172186
"{'open_window': 45, 'boll_length': 70}",6.376316399999997,6.376316399999997,0.7508882176385919,2.659637891248823,0.020269085245028608,0.0019543181060112957,-0.02397437794437726,29,0.680794701986755,0.0006807947019867549
"{'open_window': 60, 'boll_length': 560}",6.3743634,6.3743634,0.7542590739463152,2.137946093619751,0.020262877033116727,0.001733550763775222,-0.029815360728805307,29,0.05562913907284768,5.562913907284768e-05
"{'open_window': 30, 'boll_length': 720}",6.3174541999999985,6.3174541999999985,0.7148125126818754,2.7535495014795544,0.020081973615893915,0.0018128901088796641,-0.02294294762671028,44,0.09668874172185431,9.668874172185431e-05
"{'open_window': 15, 'boll_length': 250}",6.301074800000003,6.301074800000003,0.7489397527753621,2.2060918267718375,0.020029906649004066,0.001934124099309233,-0.028562160121954328,386,0.590728476821192,0.0005907284768211921
"{'open_window': 45, 'boll_length': 970}",6.2655806,6.2655806,0.7578259401341475,2.270306456876646,0.019917077403973645,0.0016959556985988139,-0.027597950845014377,33,0.04105960264900662,4.105960264900662e-05
"{'open_window': 45, 'boll_length': 760}",6.2506508,6.2506508,0.7383598335048326,2.09302283983058,0.01986961843709097,0.001736521430803143,-0.029864226424339894,29,0.05695364238410596,5.695364238410595e-05
"{'open_window': 45, 'boll_length': 530}",6.248223000000001,6.248223000000001,0.7068182081604578,2.5904353177629496,0.019861900927153897,0.0018133090060993755,-0.02412035906534946,29,0.08874172185430464,8.874172185430464e-05
"{'open_window': 45, 'boll_length': 470}",6.194280600000001,6.194280600000001,0.7126785496819592,2.868310111449591,0.0196904283973522,0.0017828770076068305,-0.021595574952911572,44,0.09933774834437085,9.933774834437087e-05
"{'open_window': 60, 'boll_length': 600}",6.1936789999999995,6.1936789999999995,0.731507830428659,2.4886525967484037,0.019688516026488325,0.0017368164503456308,-0.024887680217367106,29,0.054304635761589407,5.4304635761589404e-05
"{'open_window': 45, 'boll_length': 820}",6.1073292,6.1073292,0.7299751157344105,2.417281122164263,0.019414026596027232,0.0017162057730362103,-0.02526528314808565,29,0.051655629139072845,5.1655629139072855e-05
"{'open_window': 60, 'boll_length': 570}",6.0794928000000015,6.0794928000000015,0.7112640743761682,2.026850220080805,0.019325540026488928,0.0017533279797600542,-0.029994780767556017,29,0.05695364238410596,5.695364238410595e-05
"{'open_window': 45, 'boll_length': 810}",6.073877400000001,6.073877400000001,0.7274646027014159,2.411334043347382,0.019307689748341492,0.0017126986896954248,-0.025188867617725076,85,0.051655629139072845,5.1655629139072855e-05
"{'open_window': 45, 'boll_length': 660}",6.054796600000002,6.054796600000002,0.6747838470437509,1.979221116755364,0.019247035549665947,0.0018406113875948963,-0.03059181487475745,29,0.07019867549668875,7.019867549668874e-05
"{'open_window': 15, 'boll_length': 180}",6.044711000000007,6.044711000000007,0.6798615149822247,2.098768679484328,0.01921497536423676,0.0020536183527630246,-0.028801225495154043,198,0.823841059602649,0.0008238410596026492
"{'open_window': 15, 'boll_length': 210}",6.020301399999998,6.020301399999998,0.7001572161082835,2.3593115503803497,0.019137381933776194,0.001984892626416817,-0.025517195467592575,252,0.704635761589404,0.000704635761589404
"{'open_window': 60, 'boll_length': 590}",6.0078156,6.0078156,0.7089325037629581,2.4423856641543664,0.019097691973509474,0.0017383609170542123,-0.024598144708157535,29,0.05695364238410596,5.695364238410595e-05
"{'open_window': 45, 'boll_length': 790}",6.0070752,6.0070752,0.7113533936273853,2.4362689134861992,0.019095338384101337,0.0017322314563839405,-0.024656864300758457,29,0.054304635761589407,5.430463576158942e-05
"{'open_window': 30, 'boll_length': 830}",6.005993999999997,6.005993999999997,0.6885532805514583,2.5180327796077564,0.019091901456954042,0.0017892689503124298,-0.023851929365811125,74,0.08344370860927153,8.344370860927153e-05
"{'open_window': 30, 'boll_length': 840}",5.986413199999999,5.986413199999999,0.6860308510474078,2.3396224116490667,0.01902965785430759,0.0017899947270455662,-0.025587091191272383,74,0.08344370860927153,8.344370860927153e-05
"{'open_window': 45, 'boll_length': 580}",5.983547800000002,5.983547800000002,0.6883089541096783,2.1808202409375776,0.0190205492980178,0.0017832166725956131,-0.02743714354663632,153,0.0781456953642384,7.81456953642384e-05
"{'open_window': 45, 'boll_length': 520}",5.975455200000001,5.975455200000001,0.6764792026992696,2.5104587788187516,0.018994824476821832,0.0018119470047685566,-0.023802243838521968,29,0.0913907284768212,9.13907284768212e-05
"{'open_window': 45, 'boll_length': 700}",5.948278000000001,5.948278000000001,0.6718794068484732,1.980321924728543,0.01890843337748618,0.0018160569499049042,-0.03003692442993194,29,0.06225165562913907,6.225165562913907e-05
"{'open_window': 60, 'boll_length': 780}",5.9437382,5.9437382,0.706582713110989,2.466250036064934,0.018894002225167128,0.0017255450357913406,-0.024100306591314322,40,0.038410596026490065,3.841059602649007e-05
"{'open_window': 30, 'boll_length': 870}",5.9376587999999995,5.9376587999999995,0.6648158922115925,1.8206656082798547,0.018874676980130227,0.001832076532277194,-0.032612571869301894,153,0.08079470198675497,8.079470198675497e-05
"{'open_window': 45, 'boll_length': 680}",5.859402999999998,5.859402999999998,0.6625487651267823,1.8739451957605109,0.018625916821196593,0.0018141240681103254,-0.0312677393835068,29,0.06490066225165562,6.490066225165563e-05
"{'open_window': 45, 'boll_length': 710}",5.791511400000001,5.791511400000001,0.6521841381642137,1.9323945814898678,0.01841010246358182,0.0018216067292876525,-0.0299706460340856,29,0.06357615894039735,6.357615894039736e-05
"{'open_window': 60, 'boll_length': 400}",5.780946399999998,5.780946399999998,0.645702309157532,2.420592349155575,0.018376518357616733,0.0018365373747557697,-0.02388236252178914,29,0.0913907284768212,9.13907284768212e-05
"{'open_window': 30, 'boll_length': 990}",5.766884199999998,5.766884199999998,0.6467104383269366,1.8856697783279868,0.018331817324504156,0.0018292153325648584,-0.030582683491452736,29,0.07019867549668875,7.019867549668874e-05
"{'open_window': 60, 'boll_length': 730}",5.734283199999998,5.734283199999998,0.693941289126438,2.091489821452326,0.018228185006617652,0.0016950815223156371,-0.02741721781852419,33,0.04105960264900662,4.105960264900662e-05
"{'open_window': 60, 'boll_length': 770}",5.729528599999999,5.729528599999999,0.6890611947699685,2.39514624747176,0.018213071046358602,0.0017056714594215366,-0.023921414427399656,40,0.038410596026490065,3.841059602649007e-05
"{'open_window': 45, 'boll_length': 740}",5.702661600000001,5.702661600000001,0.6584167349255239,1.9274532099033455,0.01812766601324501,0.0017766897921809794,-0.029586511209192774,29,0.060927152317880796,6.0927152317880796e-05
"{'open_window': 60, 'boll_length': 360}",5.687335799999999,5.687335799999999,0.6442041127673579,2.2734155319771943,0.018078948238409973,0.001811008871067696,-0.025016701610433338,44,0.09668874172185431,9.668874172185431e-05
"{'open_window': 45, 'boll_length': 980}",5.6413876,5.6413876,0.6907414613127622,2.4127357899911392,0.017932887735104604,0.0016753540945412763,-0.02338170479919136,40,0.04105960264900662,4.105960264900662e-05
"{'open_window': 60, 'boll_length': 610}",5.624717199999999,5.624717199999999,0.6699201962889737,2.2358127552074083,0.017879895735103277,0.001722321328346301,-0.025157371461007945,29,0.054304635761589407,5.4304635761589404e-05
"{'open_window': 30, 'boll_length': 100}",5.605408600000005,5.605408600000005,0.6424493876099001,2.371357402128605,0.01781851740397395,0.0020326625204492074,-0.023637974583538307,225,0.7549668874172185,0.0007549668874172186
"{'open_window': 45, 'boll_length': 780}",5.5925036,5.5925036,0.6531023800130507,1.7383278023194484,0.01777749488741852,0.0017565570672401203,-0.03217174339925036,29,0.05695364238410596,5.6953642384105966e-05
"{'open_window': 60, 'boll_length': 790}",5.587730199999999,5.587730199999999,0.6654535501108994,2.3003770924947613,0.017762321165565125,0.0017224833930832677,-0.024290496624363427,40,0.038410596026490065,3.841059602649007e-05
"{'open_window': 45, 'boll_length': 960}",5.578454399999999,5.578454399999999,0.6712542914792642,2.0307775937986143,0.017732835178805615,0.001704764428688383,-0.02746954869422527,33,0.046357615894039736,4.635761589403974e-05
"{'open_window': 45, 'boll_length': 670}",5.572964800000001,5.572964800000001,0.6304873386641939,1.7190808415761947,0.01771538479470277,0.0018132079406969564,-0.03241828228910104,29,0.06754966887417219,6.75496688741722e-05
"{'open_window': 45, 'boll_length': 560}",5.554673999999999,5.554673999999999,0.6380830943065451,2.1280440586902913,0.01765724185430846,0.0017857448904085476,-0.026102250925292576,72,0.08344370860927153,8.344370860927153e-05
"{'open_window': 45, 'boll_length': 650}",5.509615999999999,5.509615999999999,0.6118762152438958,1.8312173518547852,0.017514011125824624,0.0018471272543499268,-0.030087176677407904,29,0.0728476821192053,7.28476821192053e-05
"{'open_window': 60, 'boll_length': 580}",5.4900172,5.4900172,0.6405301256332,1.763913268257316,0.017451710304637446,0.0017582216639247129,-0.031124076783120253,29,0.059602649006622516,5.9602649006622515e-05
"{'open_window': 45, 'boll_length': 830}",5.438405599999999,5.438405599999999,0.644658767435349,2.0236397043280148,0.01728764694039762,0.0017305426352450415,-0.02687437683876638,29,0.054304635761589407,5.4304635761589404e-05
"{'open_window': 30, 'boll_length': 850}",5.398599599999999,5.398599599999999,0.6194069074691676,2.0095435987680608,0.017161111311256506,0.001787913651733697,-0.026864804542230503,69,0.08344370860927153,8.344370860927153e-05
"{'open_window': 60, 'boll_length': 480}",5.385570399999996,5.385570399999996,0.6188860346905682,1.5525309083505177,0.01711969398675668,0.0017851009198825898,-0.03468897379777401,171,0.0728476821192053,7.284768211920529e-05
"{'open_window': 15, 'boll_length': 170}",5.378718800000002,5.378718800000002,0.6164597952958434,1.798727687287768,0.017097914066224684,0.0020432774111115984,-0.029902907694216968,271,0.866225165562914,0.000866225165562914
"{'open_window': 60, 'boll_length': 530}",5.329401999999999,5.329401999999999,0.6005119949345713,1.7950892024778753,0.01694114543045823,0.0018205380585874756,-0.029688786454967288,29,0.06357615894039735,6.357615894039736e-05
"{'open_window': 30, 'boll_length': 1000}",5.294397599999999,5.294397599999999,0.5963724510266961,1.7366223016234512,0.016829873165562035,0.0018211373765239975,-0.030486753481458503,29,0.07019867549668875,7.019867549668874e-05
"{'open_window': 60, 'boll_length': 800}",5.288079999999998,5.288079999999998,0.636794324320229,2.161825375076441,0.016809790728480087,0.0017035021972965085,-0.024461180171937078,40,0.03576158940397351,3.576158940397351e-05
"{'open_window': 60, 'boll_length': 410}",5.286529800000001,5.286529800000001,0.6063138680461624,2.1166192379695223,0.016804862940395217,0.0017886158780106623,-0.0249762909887879,72,0.08344370860927153,8.344370860927153e-05
"{'open_window': 15, 'boll_length': 240}",5.257351199999998,5.257351199999998,0.6184728183543965,2.040780803061155,0.01671210977483738,0.0019904217022040905,-0.02576146929702073,126,0.6278145695364239,0.0006278145695364239
"{'open_window': 45, 'boll_length': 990}",5.246487200000001,5.246487200000001,0.6409980763168908,2.25121756725244,0.016677575205295135,0.0016790230550252866,-0.023305109538578773,4,0.04105960264900662,4.105960264900662e-05
"{'open_window': 60, 'boll_length': 740}",5.223348999999999,5.223348999999999,0.637095310256739,2.2234516475941004,0.016604023311261065,0.0016818602505484191,-0.023492073711847226,40,0.04105960264900662,4.105960264900662e-05
"{'open_window': 60, 'boll_length': 510}",5.194267,5.194267,0.5893291771935166,1.6400237779820366,0.016511577218548082,0.001808057459923335,-0.03167190055252039,29,0.06490066225165562,6.490066225165563e-05
"{'open_window': 45, 'boll_length': 950}",5.141898800000001,5.141898800000001,0.6221376117327456,1.9019166671078787,0.01634510876821418,0.0016954465595851991,-0.027035352751914533,31,0.046357615894039736,4.635761589403974e-05
"{'open_window': 60, 'boll_length': 760}",5.119075799999999,5.119075799999999,0.6204223404261926,1.7792656141407033,0.01627255883443615,0.0016925895930948657,-0.028770722928133274,80,0.038410596026490065,3.841059602649007e-05
"{'open_window': 60, 'boll_length': 620}",5.112432199999999,5.112432199999999,0.6126964152680409,2.0121451420290115,0.016251440105962436,0.0017117088652050174,-0.025407869905673886,29,0.054304635761589407,5.4304635761589404e-05
"{'open_window': 45, 'boll_length': 870}",5.091842000000001,5.091842000000001,0.6145781154341168,1.9798001169838335,0.01618598781456993,0.0016995969865226219,-0.025718970093594064,31,0.051655629139072845,5.1655629139072855e-05
"{'open_window': 60, 'boll_length': 680}",5.085846000000002,5.085846000000002,0.6093469117698295,2.0094756513894625,0.016166927682116576,0.0017121698532231563,-0.025309318858790536,31,0.04900662251655629,4.90066225165563e-05
"{'open_window': 30, 'boll_length': 980}",5.039520199999998,5.039520199999998,0.5630885114051989,1.7436050084756958,0.016019666860929913,0.001835953951085175,-0.028902877518151585,29,0.07549668874172186,7.549668874172185e-05
"{'open_window': 60, 'boll_length': 810}",5.031672799999999,5.031672799999999,0.6045340223150224,2.0419579765774745,0.015994721483443525,0.0017074227958439627,-0.02464141210405088,40,0.03576158940397351,3.576158940397351e-05
"{'open_window': 60, 'boll_length': 720}",5.031019199999999,5.031019199999999,0.605743402223359,1.8522824259640882,0.015992643814566845,0.0017037925980996815,-0.02716118843151349,31,0.046357615894039736,4.635761589403974e-05
"{'open_window': 45, 'boll_length': 590}",5.021148800000002,5.021148800000002,0.576017444459647,1.2980955896127953,0.015961267708607993,0.0017882042175379786,-0.038680886370604954,153,0.07549668874172186,7.549668874172184e-05
"{'open_window': 45, 'boll_length': 770}",5.010820400000002,5.010820400000002,0.5822925593123783,1.6280047218986033,0.015928435708608933,0.001765295766083029,-0.0307789058139598,29,0.06225165562913907,6.225165562913907e-05
"{'open_window': 60, 'boll_length': 420}",5.010730200000002,5.010730200000002,0.5759287041310306,1.8658714769964395,0.015928148980129564,0.001784769682821898,-0.02685463742693063,74,0.08344370860927153,8.344370860927153e-05
"{'open_window': 60, 'boll_length': 690}",5.0084218,5.0084218,0.598556027204687,1.9618693676012842,0.015920811019864534,0.001716508760697105,-0.025528824103730675,31,0.04900662251655629,4.90066225165563e-05
"{'open_window': 45, 'boll_length': 910}",5.007250999999998,5.007250999999998,0.6017438998436843,1.897641898087611,0.015917089271522793,0.0017070161361953057,-0.026386701332037635,31,0.04900662251655629,4.90066225165563e-05
"{'open_window': 45, 'boll_length': 720}",5.003718200000003,5.003718200000003,0.563845201944498,1.4589115443113034,0.015905859178810086,0.001820467757203107,-0.0342976119389249,85,0.06357615894039735,6.357615894039736e-05
"{'open_window': 45, 'boll_length': 840}",4.961013400000001,4.961013400000001,0.5861614888757496,1.8330629771865619,0.015770108821192026,0.0017362173143316035,-0.02706406414696291,29,0.05695364238410596,5.6953642384105966e-05
"{'open_window': 60, 'boll_length': 700}",4.9337453999999985,4.9337453999999985,0.595713486090804,1.915410659996798,0.01568342908609208,0.0016989901412924637,-0.025758159871617548,31,0.04900662251655629,4.90066225165563e-05
"{'open_window': 45, 'boll_length': 860}",4.925987,4.925987,0.5910886658293493,1.9280447133988317,0.01565876662251521,0.001709591517439038,-0.025549132578548225,31,0.05695364238410596,5.6953642384105966e-05
"{'open_window': 45, 'boll_length': 930}",4.846574399999999,4.846574399999999,0.5822278233248176,1.813439984599272,0.015406329218547716,0.001707636294855381,-0.026725860470493867,31,0.04900662251655629,4.90066225165563e-05
"{'open_window': 45, 'boll_length': 940}",4.8340688,4.8340688,0.5811326375755966,1.7980066830478434,0.015366576317885494,0.0017064410112333408,-0.026885710968588477,31,0.04900662251655629,4.90066225165563e-05
"{'open_window': 45, 'boll_length': 920}",4.806039799999997,4.806039799999997,0.5766493338095559,1.8104245581546148,0.015277477509935347,0.0017097393084854985,-0.026546479268373065,31,0.04900662251655629,4.90066225165563e-05
"{'open_window': 45, 'boll_length': 850}",4.804447599999998,4.804447599999998,0.5746255878645472,1.8587190287802826,0.01527241621191977,0.0017151924758941385,-0.025848164922228762,31,0.05695364238410596,5.6953642384105966e-05
"{'open_window': 60, 'boll_length': 670}",4.791554,4.791554,0.5734137787121568,1.9090019716065607,0.015231429933770874,0.001714205582685337,-0.025099785496640013,31,0.051655629139072845,5.165562913907285e-05
"{'open_window': 45, 'boll_length': 570}",4.7881871999999985,4.7881871999999985,0.5491720298663543,1.551445341331974,0.01522072752317868,0.001788617300856498,-0.030862751477207198,153,0.08344370860927153,8.344370860927153e-05
"{'open_window': 60, 'boll_length': 540}",4.709804999999999,4.709804999999999,0.5318520709569828,1.464816696810688,0.01497156556291553,0.001816638395325499,-0.03215286260905588,85,0.06357615894039735,6.357615894039736e-05
"{'open_window': 45, 'boll_length': 900}",4.702014199999999,4.702014199999999,0.5704915277842875,1.7927942207345888,0.014946800105959715,0.0016907964348664437,-0.026227294497152043,31,0.04900662251655629,4.90066225165563e-05
"{'open_window': 30, 'boll_length': 880}",4.7019868,4.7019868,0.5355211371275698,1.1237874361155802,0.014946713006621816,0.0018011976649056685,-0.041840535397444915,153,0.08079470198675497,8.079470198675497e-05
"{'open_window': 60, 'boll_length': 920}",4.6975994,4.6975994,0.610585534524922,1.8386849839336807,0.01493276630463868,0.0015782876179876529,-0.025548690727602935,40,0.030463576158940398,3.0463576158940398e-05
"{'open_window': 60, 'boll_length': 490}",4.6968526,4.6968526,0.5415688439406896,1.2781088386152735,0.014930392370858001,0.001779139318705038,-0.036748455672114246,223,0.0728476821192053,7.28476821192053e-05
"{'open_window': 45, 'boll_length': 640}",4.672968400000002,4.672968400000002,0.5282587479388595,1.3056931860386414,0.014854469086089821,0.0018146938327820142,-0.03578917658425151,153,0.07549668874172186,7.549668874172184e-05
"{'open_window': 60, 'boll_length': 500}",4.635678399999998,4.635678399999998,0.5240865306988869,1.4783300659044225,0.014735931337748729,0.0018145474405113547,-0.03135753311736966,29,0.07019867549668875,7.019867549668874e-05
"{'open_window': 60, 'boll_length': 710}",4.595393600000001,4.595393600000001,0.558137435410933,1.7655206580915759,0.014607873695363701,0.001689042055380819,-0.026028546190828384,31,0.046357615894039736,4.635761589403974e-05
"{'open_window': 60, 'boll_length': 550}",4.5796312,4.5796312,0.515678849818447,1.3769602541380392,0.014557768052984157,0.001821840820463958,-0.03325899339678516,85,0.06357615894039735,6.357615894039736e-05
"{'open_window': 60, 'boll_length': 830}",4.5524894,4.5524894,0.5575247986325077,1.823149323318152,0.014471489483437967,0.0016751148383286644,-0.02497046918632322,40,0.03576158940397351,3.5761589403973516e-05
"{'open_window': 60, 'boll_length': 930}",4.5522317999999995,4.5522317999999995,0.5904759686888728,1.741000653757293,0.014470670622520705,0.0015815465476191914,-0.026147214765123897,40,0.030463576158940398,3.0463576158940398e-05
"{'open_window': 30, 'boll_length': 890}",4.518799999999999,4.518799999999999,0.5178529355847803,1.1239283386826362,0.01436439735099211,0.0017900997865746787,-0.040205410295963494,171,0.0781456953642384,7.81456953642384e-05
"{'open_window': 60, 'boll_length': 840}",4.472565399999999,4.472565399999999,0.5466278963781007,1.7790505352199073,0.014217426437085972,0.0016785198248228177,-0.025140181863620364,40,0.03576158940397351,3.5761589403973516e-05
"{'open_window': 30, 'boll_length': 960}",4.4337275999999965,4.4337275999999965,0.506575750316141,1.2599142140967576,0.014093968529799713,0.001795506661872939,-0.03519071021179063,171,0.07549668874172186,7.549668874172184e-05
"{'open_window': 60, 'boll_length': 440}",4.412431399999999,4.412431399999999,0.5059409378337975,1.117320260924816,0.0140262720000015,0.001789126371238315,-0.03949119652004039,171,0.0781456953642384,7.81456953642384e-05
"{'open_window': 60, 'boll_length': 940}",4.389527799999999,4.389527799999999,0.5720847873894593,1.6158955378351667,0.013953465854302918,0.0015740581551886386,-0.02716467554505509,40,0.030463576158940398,3.0463576158940398e-05
"{'open_window': 30, 'boll_length': 860}",4.387294399999998,4.387294399999998,0.502658551959127,1.3254909654465767,0.01394636630463247,0.0017905527491861783,-0.03309939120196736,153,0.08609271523178808,8.609271523178808e-05
"{'open_window': 30, 'boll_length': 900}",4.376570400000002,4.376570400000002,0.5025408199091566,1.0905740713580887,0.013912276768211397,0.0017865954569971593,-0.04013088624553218,171,0.0781456953642384,7.81456953642384e-05
"{'open_window': 45, 'boll_length': 600}",4.374632600000003,4.374632600000003,0.5020712885655858,1.1365362311363931,0.013906116874170192,0.0017874746489233077,-0.03849092074808114,153,0.0781456953642384,7.81456953642384e-05
"{'open_window': 45, 'boll_length': 890}",4.3615642,4.3615642,0.5291414675843568,1.673178463122112,0.013864574940395589,0.0016909643367376867,-0.02606753730179427,31,0.051655629139072845,5.165562913907285e-05
"{'open_window': 45, 'boll_length': 730}",4.3470218,4.3470218,0.48966677666414243,1.2518170667139927,0.013818347443707604,0.0018211908994688315,-0.034725695275992466,85,0.06622516556291391,6.622516556291391e-05
"{'open_window': 60, 'boll_length': 850}",4.326836799999999,4.326836799999999,0.5277832294120183,1.7088664517496517,0.01375418320530299,0.0016818205650942005,-0.025319923599479998,40,0.03576158940397351,3.5761589403973516e-05
"{'open_window': 60, 'boll_length': 820}",4.3233092,4.3233092,0.5162681017278212,1.7424896107596328,0.013742969642378857,0.0017179313746535922,-0.024811104601729108,40,0.04105960264900662,4.105960264900662e-05
"{'open_window': 60, 'boll_length': 650}",4.320281599999998,4.320281599999998,0.5261045422726571,1.7284740382597505,0.01373334548343975,0.0016846313423636871,-0.024994772871153266,85,0.054304635761589407,5.4304635761589404e-05
"{'open_window': 60, 'boll_length': 430}",4.301748200000002,4.301748200000002,0.4970455246384151,1.3772591011034814,0.01367443136423721,0.0017754730828674202,-0.03123412433109351,171,0.08079470198675497,8.079470198675497e-05
"{'open_window': 60, 'boll_length': 750}",4.268618,4.268618,0.5159077624616174,1.509365758905726,0.013569116821194176,0.0016973883724578957,-0.028280872113432397,80,0.04370860927152318,4.370860927152318e-05
"{'open_window': 45, 'boll_length': 610}",4.215437600000002,4.215437600000002,0.48406515495530616,1.0760951504368963,0.013400066543043833,0.0017865122223408036,-0.039173465267339336,153,0.0781456953642384,7.81456953642384e-05
"{'open_window': 30, 'boll_length': 970}",4.200542999999998,4.200542999999998,0.481309768951393,1.1164986179823064,0.01335271947020309,0.0017903924175947782,-0.037622464840954745,171,0.0728476821192053,7.28476821192053e-05
"{'open_window': 45, 'boll_length': 880}",4.190570799999999,4.190570799999999,0.5085363722127464,1.6180590365383785,0.01332101976158963,0.0016905143045174015,-0.025898750944002874,31,0.054304635761589407,5.4304635761589404e-05
"{'open_window': 45, 'boll_length': 1000}",4.176914000000002,4.176914000000002,0.5074559024182964,1.4801016877169322,0.013277607417219525,0.0016885938751046148,-0.028220452923361165,80,0.04370860927152318,4.370860927152318e-05
"{'open_window': 45, 'boll_length': 630}",4.174249600000004,4.174249600000004,0.47785995594420805,1.0204586174845278,0.013269137801323485,0.0017920322364135435,-0.0409056234959275,153,0.0728476821192053,7.284768211920529e-05
"{'open_window': 60, 'boll_length': 470}",4.167895999999999,4.167895999999999,0.4834731365065784,0.9885875783253153,0.013248940927153037,0.0017685311176888088,-0.04216010894108861,171,0.0728476821192053,7.284768211920529e-05
"{'open_window': 60, 'boll_length': 450}",4.0689808,4.0689808,0.4669972115250914,1.035349119378095,0.01293450850331288,0.0017874820143598386,-0.03930056754618801,171,0.0781456953642384,7.81456953642384e-05
"{'open_window': 60, 'boll_length': 630}",4.023173799999999,4.023173799999999,0.47856770936283327,1.5030475643033698,0.012788896847684418,0.0017246331286040247,-0.026766776351920558,29,0.059602649006622516,5.9602649006622515e-05
"{'open_window': 60, 'boll_length': 640}",3.8904243999999983,3.8904243999999983,0.46512953165267923,1.4604939473281593,0.01236691200000488,0.0017159209218192452,-0.026637730386481318,29,0.059602649006622516,5.9602649006622515e-05
"{'open_window': 60, 'boll_length': 660}",3.7655781999999984,3.7655781999999984,0.46133109107569936,1.490433697580409,0.011970049907288676,0.001674541287803553,-0.025264982978540556,85,0.054304635761589407,5.4304635761589404e-05
"{'open_window': 60, 'boll_length': 950}",3.7613890000000003,3.7613890000000003,0.4940394156442407,1.309225308053329,0.011956733245029244,0.0015619375123825236,-0.02872988306032325,223,0.030463576158940398,3.0463576158940398e-05
"{'open_window': 60, 'boll_length': 460}",3.760393999999999,3.760393999999999,0.4348557661085808,0.9442526954862404,0.011953570331128476,0.0017740470922783008,-0.039824021874403315,171,0.0781456953642384,7.81456953642384e-05
"{'open_window': 60, 'boll_length': 880}",3.739166999999999,3.739166999999999,0.504067377711463,1.4973270364052704,0.011886093774830162,0.0015218216472756034,-0.02497227999686371,40,0.033112582781456956,3.3112582781456954e-05
"{'open_window': 45, 'boll_length': 620}",3.7328236000000015,3.7328236000000015,0.426230528532193,0.9465871534356396,0.011865929324503458,0.0017966791964701908,-0.039434547431282545,153,0.07549668874172186,7.549668874172184e-05
"{'open_window': 60, 'boll_length': 870}",3.726907999999998,3.726907999999998,0.5007538077077621,1.4523884903706257,0.01184712476821607,0.0015268703611033543,-0.025660544852226554,40,0.033112582781456956,3.3112582781456954e-05
"{'open_window': 60, 'boll_length': 960}",3.7033215999999998,3.7033215999999998,0.48397178303857236,1.2451942603598316,0.011772148132448137,0.001569819254226047,-0.029740914473289793,223,0.030463576158940398,3.0463576158940398e-05
"{'open_window': 30, 'boll_length': 920}",3.6752903999999993,3.6752903999999993,0.4241450100721428,0.9053525072120907,0.011683042331126985,0.0017776905824209003,-0.04059513140707942,171,0.0781456953642384,7.81456953642384e-05
"{'open_window': 60, 'boll_length': 970}",3.6240722,3.6240722,0.4724774358497335,1.2079892916449222,0.011520229509931111,0.001573605098153447,-0.030000863625738384,223,0.030463576158940398,3.0463576158940398e-05
"{'open_window': 45, 'boll_length': 60}",3.621881200000005,3.621881200000005,0.4654415063354489,1.3629084145041799,0.01151326474172171,0.0019418118531925447,-0.026574648461008873,101,0.8158940397350993,0.0008158940397350995
"{'open_window': 60, 'boll_length': 890}",3.570910799999999,3.570910799999999,0.48036738585021854,1.424245188369139,0.011351239629136759,0.0015250589367974813,-0.02507230376595631,40,0.033112582781456956,3.3112582781456954e-05
"{'open_window': 30, 'boll_length': 90}",3.4685890000000086,3.4685890000000086,0.4405166084049577,1.0908702318621957,0.011025978278144706,0.001970492572257244,-0.03179653178434022,225,0.8291390728476821,0.0008291390728476823
"{'open_window': 60, 'boll_length': 910}",3.4368422,3.4368422,0.4626049446845654,1.3524642898919583,0.010925061298012401,0.0015241698679090865,-0.025411703848197624,40,0.033112582781456956,3.3112582781456954e-05
"{'open_window': 60, 'boll_length': 1000}",3.4024015999999984,3.4024015999999984,0.4423439532561707,1.168146279444821,0.010815581245036798,0.001578011909167408,-0.029126502903542194,42,0.02781456953642384,2.781456953642384e-05
"{'open_window': 60, 'boll_length': 860}",3.4015751999999986,3.4015751999999986,0.4235417979884429,1.333850191608532,0.010812954278143775,0.001647663860303009,-0.025501928337974218,40,0.03576158940397351,3.5761589403973516e-05
"{'open_window': 60, 'boll_length': 980}",3.385101399999999,3.385101399999999,0.4406521772626312,1.110651501904925,0.01076058723178713,0.001576017135635539,-0.03047851998753679,223,0.030463576158940398,3.0463576158940398e-05
"{'open_window': 60, 'boll_length': 990}",3.279061399999999,3.279061399999999,0.42621642990225267,1.066762483028755,0.010423506437089638,0.0015783628010815004,-0.030738439457405696,223,0.030463576158940398,3.0463576158940398e-05
"{'open_window': 30, 'boll_length': 930}",3.2788031999999983,3.2788031999999983,0.3774752360125452,0.7888891932617851,0.010422685668873333,0.0017820273517236327,-0.04156227804874616,171,0.07549668874172186,7.549668874172184e-05
"{'open_window': 60, 'boll_length': 900}",3.2133206,3.2133206,0.43400775887423043,1.2729764194469069,0.01021452905960128,0.0015189569552142076,-0.025242577560044034,40,0.033112582781456956,3.3112582781456954e-05
"{'open_window': 15, 'boll_length': 150}",3.1135318000000103,3.1135318000000103,0.39435261247182113,0.8972394187901455,0.009897319629134704,0.0020175184313906023,-0.03470123731519699,308,1.014569536423841,0.001014569536423841
"{'open_window': 30, 'boll_length': 950}",3.1043874000000002,3.1043874000000002,0.3623261236481218,0.6984166234406718,0.009868251337752817,0.0017577921933982581,-0.04444893342755772,171,0.07549668874172186,7.549668874172184e-05
"{'open_window': 30, 'boll_length': 910}",3.0419840000000007,3.0419840000000007,0.35197817906518114,0.7472255437886917,0.009669882913902337,0.001773102356689996,-0.04071038557614791,171,0.0781456953642384,7.81456953642384e-05
"{'open_window': 15, 'boll_length': 160}",2.9114970000000033,2.9114970000000033,0.389832382367654,0.657340406786851,0.009255089801324279,0.001931974981979522,-0.04429207409037325,560,0.9350993377483444,0.0009350993377483446
"{'open_window': 30, 'boll_length': 70}",2.8912299999999975,2.8912299999999975,0.3871368318029686,0.7062569750972911,0.009190664900660558,0.0019394490858542762,-0.04093736560408742,386,1.062251655629139,0.001062251655629139
"{'open_window': 30, 'boll_length': 940}",2.8197529999999977,2.8197529999999977,0.326502405185057,0.662392871729786,0.008963453245035344,0.0017718303184377985,-0.042569193002290964,171,0.07549668874172186,7.549668874172185e-05
"{'open_window': 15, 'boll_length': 140}",2.8133942000000065,2.8133942000000065,0.3728086583575281,0.6163380874391445,0.008943239841062205,0.0019689626499420462,-0.04564693075662965,419,1.0834437086092714,0.0010834437086092716
"{'open_window': 60, 'boll_length': 40}",2.5731410000000015,2.5731410000000015,0.3618755884659757,0.632147191246031,0.008179521059608477,0.0018854662433294104,-0.0407047762868311,455,0.9033112582781457,0.0009033112582781459
"{'open_window': 15, 'boll_length': 130}",2.450654200000015,2.450654200000015,0.323587472504792,0.4989794717385168,0.0077901590463548345,0.0020157214375065625,-0.04911332707657673,412,1.1496688741721854,0.0011496688741721856
"{'open_window': 45, 'boll_length': 50}",2.1736476000000056,2.1736476000000056,0.30946738413486,0.760020060830793,0.006909608264904352,0.0019625188106968234,-0.028599871398461554,391,0.9854304635761589,0.0009854304635761588
"{'open_window': 30, 'boll_length': 80}",1.377848400000003,1.377848400000003,0.23183394891339254,0.33094587102015477,0.004379915443706468,0.0018924214186799098,-0.04163364829880034,455,0.9271523178807947,0.0009271523178807949
"{'open_window': 15, 'boll_length': 110}",1.150048599999999,1.150048599999999,0.1854300228598698,0.3275112506820387,0.0036557836291405124,0.002017870236831975,-0.03511478148019309,644,1.3536423841059602,0.0013536423841059603
"{'open_window': 15, 'boll_length': 120}",0.8883525999999988,0.8883525999999988,0.1632635779745693,0.22733384521608935,0.002823902304640271,0.0019893119005311346,-0.03907700585264839,510,1.2609271523178809,0.001260927152317881
"{'open_window': 30, 'boll_length': 60}",0.6259100000000091,0.6259100000000091,0.1376231666078057,0.17752276549827545,0.001989647682120993,0.001970163547856401,-0.03525801314798934,262,1.2317880794701987,0.0012317880794701988
"{'open_window': 45, 'boll_length': 40}",0.6174341999999886,0.6174341999999886,0.141141230866885,0.2272004670020225,0.00196270474171776,0.001942258302854794,-0.027175745197443445,415,1.1973509933774835,0.0011973509933774836
"{'open_window': 30, 'boll_length': 40}",0.5714544000000115,0.5714544000000115,0.09314204973839393,0.10178009364227096,0.0018165437880800135,0.002069878319416539,-0.056145988822595895,501,1.814569536423841,0.0018145695364238416
"{'open_window': 30, 'boll_length': 50}",0.2845413999999975,0.2845413999999975,0.029480414126429353,0.06198081193715302,0.0009045024635751148,0.00198045224454757,-0.045907982020014414,644,1.4622516556291392,0.0014622516556291392
"{'open_window': 15, 'boll_length': 80}",-0.7294514000000056,-0.7294514000000056,-0.033571953549226694,-0.11817959278201201,-0.0023187859072848482,0.002117886503315297,-0.0617239730505362,640,1.8701986754966888,0.001870198675496689
"{'open_window': 60, 'boll_length': 30}",-1.3822757999999893,-1.3822757999999893,-0.07154401400718127,-0.3921702236447685,-0.004393989298014477,0.0019584902541279433,-0.03524683203007442,749,1.2211920529801326,0.0012211920529801327
"{'open_window': 15, 'boll_length': 100}",-1.9810092000000046,-1.9810092000000046,-0.2028667742039978,-0.39817438278217737,-0.006297247788081217,0.0020039055992922207,-0.049752301646293184,644,1.5019867549668875,0.0015019867549668875
"{'open_window': 15, 'boll_length': 70}",-2.6153226000000034,-2.6153226000000034,-0.21824494513333392,-0.3883442933791545,-0.008313608264901625,0.002130585746425652,-0.06734546237935495,710,2.1536423841059604,0.0021536423841059605
"{'open_window': 60, 'boll_length': 20}",-3.1875953999999957,-3.1875953999999957,-0.2868515672016863,-0.4833942797601661,-0.010132753589405451,0.002031202998530023,-0.06594193463733117,640,1.7642384105960265,0.0017642384105960268
"{'open_window': 45, 'boll_length': 30}",-3.9684458000000045,-3.9684458000000045,-0.44774809266394416,-0.791699324827382,-0.01261492704635408,0.0018189952537964375,-0.050125668616228095,257,1.5788079470198675,0.0015788079470198677
"{'open_window': 15, 'boll_length': 90}",-4.060345199999992,-4.060345199999992,-0.4028613001714366,-0.5129353596887481,-0.012907057589403562,0.00206849397928709,-0.07915900363086119,737,1.7033112582781458,0.0017033112582781457
"{'open_window': 30, 'boll_length': 30}",-8.387435999999994,-8.387435999999994,-0.8371001384067857,-0.8152002970849059,-0.026662048211924846,0.0020105742986988254,-0.10288803904996342,749,2.442384105960265,0.0024423841059602654
"{'open_window': 45, 'boll_length': 20}",-8.958756399999993,-8.958756399999993,-0.9190499677774719,-0.8592180229319741,-0.02847816603973295,0.0019600758114184805,-0.10426639293981156,749,2.3682119205298013,0.0023682119205298015
"{'open_window': 15, 'boll_length': 60}",-9.793774399999993,-9.793774399999993,-0.9470800998854318,-0.8324624969224839,-0.03113252789403571,0.002079104363150672,-0.11764823564070655,749,2.519205298013245,0.002519205298013245
"{'open_window': 15, 'boll_length': 50}",-13.06876999999999,-13.06876999999999,-1.2882774611727625,-0.8231910144006442,-0.04154310993377433,0.0020828975765094493,-0.15875744233572642,749,3.0013245033112583,0.003001324503311259
"{'open_window': 30, 'boll_length': 20}",-17.478282399999983,-17.478282399999983,-1.7261617324535425,-0.9234671643241671,-0.05556010299337657,0.002046706117873333,-0.18926804411926296,749,3.5364238410596025,0.0035364238410596025
"{'open_window': 15, 'boll_length': 40}",-17.9079096,-17.9079096,-1.703078979419701,-0.9112611275829723,-0.05692580535099371,0.0021355196829824763,-0.19651787021244962,749,3.652980132450331,0.003652980132450331
"{'open_window': 15, 'boll_length': 30}",-27.933285199999986,-27.933285199999986,-2.8328383052992128,-0.9367264356240032,-0.0887945489801333,0.0019979873897290478,-0.2982010983963789,750,4.825165562913908,0.0048251655629139075
"{'open_window': 15, 'boll_length': 20}",-48.55085599999998,-48.55085599999998,-4.977883439854501,-0.9813972382008816,-0.1543338468874182,0.0019753424613041036,-0.494711561334784,750,7.055629139072848,0.00705562913907285
