"回测数据基于BINANCE交易所的ethusdt的1m分钟数据,开始时间为：2018-01-01 00:00:00,结束时间为：2020-07-01 00:00:00，'
'交易手续费设置为：0.002,滑点为：0.05,合约乘数为：1,盘口一跳为：0.05,合约方向：False(注：F 正向，T 反向)。'
'策略名为：BollVixV1,回测指标为：total_net_pnl。'
'回测时间为：2020-10-17 ，算法类型：EX
版本号：1.0，本次版本升级内容为：动态止盈止损 '
"
参数,总盈亏,总盈亏,Sharpe Ratio,收益回撤比,年化收益,收益标准差,百分比最大回撤,最长回撤天数,日均成交笔数,日均滑点
"{'open_window': 15, 'boll_length': 380}",1259.0507000000005,1259.0507000000005,1.2872732052900484,8.184266467117135,3.357468533333344,0.15857337368869082,-1.5383794076825776,14,0.3333333333333333,0.016666666666666666
"{'open_window': 15, 'boll_length': 360}",1244.0248800000004,1244.0248800000004,1.3030806829227737,9.475902673064109,3.3173996800000083,0.15488566415639454,-1.3128299465719795,4,0.3488888888888889,0.017444444444444443
"{'open_window': 15, 'boll_length': 350}",1231.5842799999996,1231.5842799999996,1.2585338777472679,7.297116264575412,3.2842247466666663,0.15885385280192643,-1.6877684764032748,25,0.36666666666666664,0.018333333333333333
"{'open_window': 15, 'boll_length': 390}",1210.7952799999998,1210.7952799999998,1.2081855471992262,6.721735449163912,3.228787413333336,0.1628342027365716,-1.8013134988087143,4,0.3288888888888889,0.016444444444444446
"{'open_window': 15, 'boll_length': 370}",1203.23856,1203.23856,1.2554836069067865,8.705091639091231,3.2086361599999984,0.15577524507938395,-1.3822238867615317,14,0.34444444444444444,0.017222222222222222
"{'open_window': 15, 'boll_length': 400}",1201.3050799999999,1201.3050799999999,1.19594349849385,6.4938962993636,3.203480213333331,0.16328210394835954,-1.8498987735879409,14,0.31555555555555553,0.015777777777777776
"{'open_window': 30, 'boll_length': 650}",1200.9878800000001,1200.9878800000001,1.3784923408678973,5.555771831924555,3.2026343466666654,0.1416238737277893,-2.1616940297995817,9,0.08444444444444445,0.004222222222222222
"{'open_window': 30, 'boll_length': 640}",1196.6198200000001,1196.6198200000001,1.3768078888318025,5.531798172612373,3.190986186666667,0.14130949477267016,-2.163166085712235,9,0.08666666666666667,0.004333333333333334
"{'open_window': 60, 'boll_length': 90}",1185.4621599999994,1185.4621599999994,1.2378324621592458,8.049809564805496,3.1612324266666647,0.15578831660701825,-1.4726586392589314,4,0.34444444444444444,0.017222222222222222
"{'open_window': 45, 'boll_length': 130}",1183.59002,1183.59002,1.2449987955644983,8.942670605091159,3.15624005333334,0.15466015652373902,-1.3235308245907793,10,0.3288888888888889,0.016444444444444442
"{'open_window': 45, 'boll_length': 120}",1177.6747200000004,1177.6747200000004,1.2564779897521472,7.940088872704743,3.1404659199999982,0.152522379179926,-1.4832009299649456,25,0.3488888888888889,0.017444444444444443
"{'open_window': 15, 'boll_length': 340}",1163.3185199999998,1163.3185199999998,1.234038544774294,7.833446313774584,3.102182720000002,0.1535031329723477,-1.485066053180685,24,0.38222222222222224,0.01911111111111111
"{'open_window': 30, 'boll_length': 700}",1156.26776,1156.26776,1.3610420017874147,4.976203303754759,3.0833806933333285,0.13838018842092722,-2.323594293520011,10,0.08,0.004
"{'open_window': 45, 'boll_length': 460}",1154.81736,1154.81736,1.3414692814568714,5.039849027960687,3.07951296,0.1402323938332809,-2.29137292326251,10,0.08,0.004
"{'open_window': 45, 'boll_length': 470}",1154.1572,1154.1572,1.3559501467340676,4.958702589032363,3.07775253333333,0.13865965146185374,-2.3275386641513016,10,0.08,0.004
"{'open_window': 30, 'boll_length': 690}",1149.78566,1149.78566,1.337061281132613,5.020197854625286,3.0660950933333333,0.14011386215303145,-2.2903194122930075,10,0.08,0.004
"{'open_window': 60, 'boll_length': 340}",1149.66696,1149.66696,1.3293895947451546,5.093683107160496,3.065778559999994,0.14090865126163005,-2.2570445310660214,10,0.08222222222222222,0.004111111111111111
"{'open_window': 60, 'boll_length': 320}",1148.01784,1148.01784,1.3202876806505792,5.132987146535895,3.061380906666666,0.14168721074576388,-2.236549220223089,29,0.08666666666666667,0.004333333333333334
"{'open_window': 15, 'boll_length': 200}",1135.3588399999994,1135.3588399999994,1.1079658504750773,7.420837589966394,3.0276235733333285,0.16707386497615417,-1.5299605014063375,4,0.7133333333333334,0.035666666666666666
"{'open_window': 30, 'boll_length': 660}",1132.16146,1132.16146,1.289030534601668,3.9163830051195356,3.0190972266666627,0.14322221515102013,-2.8908343706936366,22,0.08444444444444445,0.004222222222222223
"{'open_window': 60, 'boll_length': 330}",1117.2576199999999,1117.2576199999999,1.2751101820858037,3.875201786125102,2.979353653333329,0.1429772423741849,-2.883095337126092,22,0.08666666666666667,0.004333333333333333
"{'open_window': 30, 'boll_length': 670}",1112.38688,1112.38688,1.2690100430413707,3.776342265631148,2.9663650133333284,0.1430701188614983,-2.9456728277093354,22,0.08444444444444445,0.004222222222222223
"{'open_window': 15, 'boll_length': 930}",1107.1349600000003,1107.1349600000003,1.3790174215273319,5.219642406077039,2.9523598933333335,0.1310670133883362,-2.1210935038595813,30,0.13111111111111112,0.006555555555555556
"{'open_window': 45, 'boll_length': 440}",1106.67836,1106.67836,1.260262393478418,3.7443114877596573,2.9511422933333327,0.14336136096770608,-2.9556257902628746,22,0.08444444444444445,0.004222222222222223
"{'open_window': 30, 'boll_length': 190}",1106.5632199999998,1106.5632199999998,1.1647485913206213,7.084224545142314,2.9508352533333357,0.15510221572968724,-1.5620103695877008,14,0.3333333333333333,0.016666666666666666
"{'open_window': 30, 'boll_length': 710}",1106.4300600000001,1106.4300600000001,1.3083512574726783,4.731228960188835,2.950480159999997,0.1380626560495929,-2.338567990072158,10,0.08222222222222222,0.004111111111111111
"{'open_window': 15, 'boll_length': 190}",1101.1806600000004,1101.1806600000004,1.099001960377103,6.503815144505551,2.9364817600000017,0.16362180187317701,-1.6931303174111314,4,0.7511111111111111,0.03755555555555556
"{'open_window': 45, 'boll_length': 430}",1099.0593599999997,1099.0593599999997,1.25741356083543,3.72843729626667,2.9308249599999963,0.1427467706910535,-2.947774825395348,22,0.08666666666666667,0.004333333333333333
"{'open_window': 45, 'boll_length': 280}",1098.8306799999998,1098.8306799999998,1.15892673238716,3.749893723559033,2.9302151466666615,0.15484694107994718,-2.9302981924434257,6,0.16444444444444445,0.008222222222222223
"{'open_window': 15, 'boll_length': 910}",1098.6285400000002,1098.6285400000002,1.3503925977699216,5.210358286433659,2.929676106666666,0.13286870011974553,-2.1085470127083705,30,0.13777777777777778,0.006888888888888888
"{'open_window': 30, 'boll_length': 450}",1098.4316199999998,1098.4316199999998,1.354505180521465,5.1716508093536016,2.9291509866666607,0.13244273288865308,-2.123947769275802,30,0.13777777777777778,0.006888888888888889
"{'open_window': 15, 'boll_length': 940}",1096.6424000000002,1096.6424000000002,1.3666310400018948,5.095436456328633,2.924379733333335,0.13106452199891294,-2.1522050356215296,30,0.13333333333333333,0.006666666666666668
"{'open_window': 15, 'boll_length': 890}",1096.56126,1096.56126,1.3463681746463467,5.271523953631316,2.924163359999999,0.1330276968727419,-2.080159873397953,29,0.14222222222222222,0.0071111111111111115
"{'open_window': 15, 'boll_length': 900}",1096.2224199999998,1096.2224199999998,1.348278903611934,5.2271385750321855,2.923259786666665,0.13280019025578416,-2.097174973007578,30,0.14222222222222222,0.0071111111111111115
"{'open_window': 30, 'boll_length': 470}",1091.4358,1091.4358,1.3612326794139693,5.077283682906585,2.910495466666667,0.13099083091931027,-2.1496451019163607,30,0.1288888888888889,0.006444444444444445
"{'open_window': 30, 'boll_length': 720}",1090.7381799999998,1090.7381799999998,1.2899056520926178,4.5954714132293795,2.9086351466666645,0.13815020464108863,-2.373506615360499,10,0.08222222222222222,0.004111111111111111
"{'open_window': 60, 'boll_length': 220}",1090.3126,1090.3126,1.3403271740262146,5.2952700012140435,2.9075002666666685,0.132903876239266,-2.059031172631472,29,0.14666666666666667,0.007333333333333333
"{'open_window': 30, 'boll_length': 680}",1087.3895600000003,1087.3895600000003,1.247427275253845,3.677430492903131,2.899705493333329,0.14243790875554044,-2.956927566947876,22,0.08444444444444445,0.004222222222222223
"{'open_window': 15, 'boll_length': 950}",1086.74876,1086.74876,1.3669577633364114,5.0493368514942425,2.8979966933333285,0.12990997205384924,-2.1522603699501612,30,0.1288888888888889,0.006444444444444445
"{'open_window': 45, 'boll_length': 270}",1086.6317800000002,1086.6317800000002,1.1417965950418618,3.72327594061394,2.897684746666667,0.1555121842388994,-2.9184830706391933,6,0.16666666666666666,0.008333333333333333
"{'open_window': 15, 'boll_length': 820}",1086.20618,1086.20618,1.1336755658048567,3.3854589737378857,2.896549813333333,0.15656789939438265,-3.208445851584843,6,0.1622222222222222,0.008111111111111112
"{'open_window': 15, 'boll_length': 180}",1084.6413400000006,1084.6413400000006,1.1158407131270613,6.084766742901083,2.8923769066666694,0.15885261590422883,-1.7825520448510535,12,0.8044444444444444,0.04022222222222223
"{'open_window': 60, 'boll_length': 100}",1083.0506200000007,1083.0506200000007,1.1334866744324736,6.738885676402198,2.888134986666664,0.15616167416999704,-1.6071657422421586,6,0.30444444444444446,0.015222222222222222
"{'open_window': 15, 'boll_length': 880}",1081.5884400000004,1081.5884400000004,1.3310211389174054,5.21694192888823,2.8842358399999966,0.1328153724347585,-2.073223077318197,29,0.14666666666666667,0.007333333333333334
"{'open_window': 60, 'boll_length': 350}",1081.30782,1081.30782,1.2801479008666512,4.651640690932346,2.883487519999998,0.13805942136087324,-2.3245729664972656,10,0.08,0.004
"{'open_window': 45, 'boll_length': 310}",1081.25774,1081.25774,1.1263872470282197,3.289867008619725,2.8833539733333304,0.15689870395128047,-3.2866305451467,6,0.13333333333333333,0.006666666666666668
"{'open_window': 15, 'boll_length': 310}",1081.1060199999997,1081.1060199999997,1.0377138475501113,6.70181248415419,2.8829493866666724,0.17028310047008458,-1.6131546839846331,4,0.43333333333333335,0.021666666666666667
"{'open_window': 45, 'boll_length': 290}",1080.5379199999998,1080.5379199999998,1.1343820061119694,3.6628527461022022,2.8814344533333327,0.1556943605983045,-2.9499900621171466,6,0.14666666666666667,0.007333333333333333
"{'open_window': 15, 'boll_length': 920}",1077.3262200000004,1077.3262200000004,1.338903204622525,5.0850919009153115,2.8728699199999967,0.1315389200057447,-2.118597344929167,30,0.13555555555555557,0.006777777777777778
"{'open_window': 45, 'boll_length': 320}",1076.9900000000002,1076.9900000000002,1.3602867932756317,5.000482799316519,2.871973333333333,0.12943273121999474,-2.153772032066996,30,0.12444444444444444,0.006222222222222223
"{'open_window': 30, 'boll_length': 480}",1075.0303399999998,1075.0303399999998,1.35764522541836,4.9965252219864515,2.8667475733333347,0.12946024504744594,-2.151555915838256,30,0.12666666666666668,0.006333333333333335
"{'open_window': 30, 'boll_length': 440}",1072.0910400000002,1072.0910400000002,1.3228353392917003,5.178066806635967,2.8589094399999957,0.13252154660272983,-2.0704465199754796,29,0.14666666666666667,0.007333333333333333
"{'open_window': 30, 'boll_length': 460}",1070.18524,1070.18524,1.3155478324906857,4.990902756501099,2.8538273066666693,0.13303041476296365,-2.144271872670708,30,0.13333333333333333,0.006666666666666668
"{'open_window': 15, 'boll_length': 460}",1062.50064,1062.50064,1.1164041259671018,3.7583962717602275,2.8333350399999984,0.15568964726169168,-2.8270053585977566,16,0.28444444444444444,0.014222222222222223
"{'open_window': 15, 'boll_length': 830}",1060.6273199999998,1060.6273199999998,1.1037299796696936,3.300804607590559,2.828339520000001,0.1572133169828877,-3.2132387284026827,6,0.16444444444444445,0.008222222222222223
"{'open_window': 15, 'boll_length': 850}",1059.9846999999997,1059.9846999999997,1.099399093991089,3.2857058592363373,2.8266258666666686,0.1577416613712583,-3.2260486647650257,6,0.15777777777777777,0.007888888888888888
"{'open_window': 45, 'boll_length': 700}",1059.152,1059.152,1.4671081009559344,7.424077869213473,2.82440533333333,0.11811770172041773,-1.4266445188999726,29,0.058888888888888886,0.0029444444444444444
"{'open_window': 45, 'boll_length': 650}",1058.38056,1058.38056,1.478383248652882,5.987041538357654,2.822348160000002,0.11713563486454508,-1.7677855635695694,90,0.06111111111111111,0.0030555555555555557
"{'open_window': 60, 'boll_length': 210}",1057.8563,1057.8563,1.3088822349660658,5.270402035034553,2.820950133333338,0.13224241918592208,-2.007164335790688,29,0.15555555555555556,0.007777777777777778
"{'open_window': 15, 'boll_length': 960}",1056.0564200000001,1056.0564200000001,1.3307150897674933,4.7638715248474615,2.816150453333333,0.12986217156116417,-2.21680289758405,30,0.1288888888888889,0.0064444444444444445
"{'open_window': 15, 'boll_length': 860}",1055.5277800000001,1055.5277800000001,1.0934933502862814,3.265405823984769,2.814740746666668,0.15795911781729197,-3.23245512777319,6,0.15555555555555556,0.0077777777777777776
"{'open_window': 15, 'boll_length': 840}",1052.5691599999996,1052.5691599999996,1.0936747378196625,3.2692115894916705,2.8068510933333357,0.1575116673114865,-3.219642201756861,6,0.16444444444444445,0.008222222222222223
"{'open_window': 30, 'boll_length': 410}",1052.52962,1052.52962,1.0978027819124416,3.2345393303089285,2.806745653333333,0.1569137702347418,-3.2540325298795287,6,0.16,0.008
"{'open_window': 45, 'boll_length': 710}",1051.9126,1051.9126,1.4568245576536514,7.264650174332292,2.8051002666666665,0.11817776885005933,-1.4479879619209377,29,0.056666666666666664,0.002833333333333333
"{'open_window': 45, 'boll_length': 330}",1050.09614,1050.09614,1.3183366053539929,4.752259103193533,2.80025637333333,0.13037743152145068,-2.209677791546195,30,0.12444444444444444,0.006222222222222222
"{'open_window': 45, 'boll_length': 110}",1049.8177999999994,1049.8177999999994,1.0809293336619876,6.6616604524395315,2.7995141333333367,0.15897244736195845,-1.5759101015356511,24,0.3888888888888889,0.019444444444444445
"{'open_window': 15, 'boll_length': 290}",1047.6080599999998,1047.6080599999998,1.003667468914662,4.168620665562333,2.7936214933333403,0.17086706715564157,-2.51308081028928,16,0.4622222222222222,0.023111111111111107
"{'open_window': 15, 'boll_length': 320}",1046.9294399999999,1046.9294399999999,1.0068271029754108,6.3697314558435005,2.7918118400000043,0.17022582863745098,-1.6436005933021927,4,0.42,0.020999999999999998
"{'open_window': 60, 'boll_length': 80}",1046.2781199999997,1046.2781199999997,1.0530405350086316,7.661243664861775,2.790074986666671,0.1626589679311906,-1.3656766000000062,2,0.4066666666666667,0.020333333333333335
"{'open_window': 15, 'boll_length': 970}",1043.13852,1043.13852,1.3128111605648067,4.70133693833644,2.7817027199999997,0.13010033946050742,-2.2188125073399068,30,0.12666666666666668,0.006333333333333333
"{'open_window': 45, 'boll_length': 450}",1041.6005,1041.6005,1.192562349000919,3.4221452864975506,2.777601333333332,0.14301761703228677,-3.043706250899833,22,0.08444444444444445,0.004222222222222223
"{'open_window': 15, 'boll_length': 330}",1040.47752,1040.47752,1.0586411213353593,6.831235833755934,2.7746067200000013,0.1609443903677997,-1.5231175519641336,16,0.39555555555555555,0.01977777777777778
"{'open_window': 45, 'boll_length': 300}",1038.3265599999997,1038.3265599999997,1.0735543213991103,3.155615508648749,2.7688708266666673,0.15839623265097408,-3.2904089777547614,6,0.14,0.007
"{'open_window': 45, 'boll_length': 480}",1037.06116,1037.06116,1.233677155058471,4.371171820076472,2.765496426666664,0.13767752811766426,-2.372501477148194,10,0.08,0.004
"{'open_window': 60, 'boll_length': 240}",1035.75736,1035.75736,1.3151103577083252,4.781651728387381,2.762019626666667,0.12899774472844378,-2.1661079033652477,30,0.12666666666666668,0.006333333333333335
"{'open_window': 60, 'boll_length': 530}",1035.53884,1035.53884,1.4294266619294436,6.684806691504527,2.7614369066666695,0.11865749413205613,-1.549093171708359,29,0.058888888888888886,0.0029444444444444444
"{'open_window': 15, 'boll_length': 410}",1035.4967000000001,1035.4967000000001,1.095223434975852,5.154791267439657,2.761324533333334,0.1548593714434373,-2.0088043264539848,16,0.3111111111111111,0.015555555555555555
"{'open_window': 15, 'boll_length': 870}",1035.20598,1035.20598,1.0694588961928375,3.149433478524932,2.7605492800000007,0.15854771603654888,-3.286959343827288,6,0.15777777777777777,0.007888888888888888
"{'open_window': 30, 'boll_length': 880}",1034.98468,1034.98468,1.4555504637052317,5.551309034622959,2.7599591466666653,0.11646847690987766,-1.86439752055759,45,0.07,0.0035000000000000005
"{'open_window': 30, 'boll_length': 970}",1032.59486,1032.59486,1.4404923258103222,5.560832302791391,2.7535862933333335,0.11742715928952005,-1.8569070307724704,45,0.06555555555555556,0.003277777777777778
"{'open_window': 15, 'boll_length': 170}",1031.1882000000005,1031.1882000000005,1.0424790451287282,5.443466876050403,2.7498351999999984,0.1620497207024145,-1.894359281466217,12,0.8644444444444445,0.04322222222222223
"{'open_window': 30, 'boll_length': 490}",1029.9868200000003,1029.9868200000003,1.2970464335343053,4.529415183796158,2.746631519999999,0.13010017073377717,-2.2739951587673954,30,0.1288888888888889,0.006444444444444445
"{'open_window': 45, 'boll_length': 140}",1029.9103,1029.9103,1.07675523849129,6.2551101296023335,2.7464274666666695,0.1567060133666707,-1.6465102590695349,9,0.30444444444444446,0.015222222222222222
"{'open_window': 45, 'boll_length': 350}",1029.82454,1029.82454,1.4120619036201005,8.053407985370443,2.746198773333332,0.11948529779041983,-1.278743783837532,47,0.11555555555555555,0.005777777777777778
"{'open_window': 45, 'boll_length': 720}",1029.7611000000002,1029.7611000000002,1.4247150551487175,7.007930146974614,2.7460295999999986,0.11841717815907221,-1.4694226089632996,29,0.056666666666666664,0.002833333333333333
"{'open_window': 15, 'boll_length': 810}",1028.1606399999998,1028.1606399999998,1.073614385275029,3.2066451426387896,2.741761706666666,0.1569101064627559,-3.20634368402209,6,0.16444444444444445,0.008222222222222223
"{'open_window': 30, 'boll_length': 400}",1026.60872,1026.60872,1.0482498505030826,3.158704550519614,2.7376232533333322,0.16047576784340006,-3.250094155944785,6,0.16444444444444445,0.008222222222222223
"{'open_window': 30, 'boll_length': 170}",1025.2087200000003,1025.2087200000003,1.1074006420939648,6.849090070430922,2.733889920000004,0.15170673576395366,-1.4968539024272152,11,0.3711111111111111,0.018555555555555554
"{'open_window': 60, 'boll_length': 230}",1024.83192,1024.83192,1.2574401828372237,4.751865909002034,2.73288512,0.13355808845760608,-2.156693685439518,30,0.13777777777777778,0.00688888888888889
"{'open_window': 45, 'boll_length': 490}",1024.7276399999998,1024.7276399999998,1.2098315804035629,4.2534716046060534,2.7326070399999955,0.1388003325397661,-2.409155944265217,10,0.08222222222222222,0.004111111111111111
"{'open_window': 60, 'boll_length': 360}",1024.6755400000002,1024.6755400000002,1.221658676644054,4.309142324963652,2.7324681066666594,0.13744992306673323,-2.377910643758188,10,0.08,0.004
"{'open_window': 45, 'boll_length': 660}",1024.4817600000001,1024.4817600000001,1.4300655293697098,5.298602786198098,2.7319513599999943,0.11739786168641365,-1.933494170705884,90,0.058888888888888886,0.002944444444444445
"{'open_window': 45, 'boll_length': 670}",1024.45966,1024.45966,1.4273344077330585,5.196278022777655,2.7318924266666698,0.11762007815821181,-1.9715258796956736,90,0.058888888888888886,0.002944444444444445
"{'open_window': 60, 'boll_length': 490}",1023.92104,1023.92104,1.431187653650818,5.7231939830156815,2.730456106666666,0.1172446419644532,-1.7890727503534178,90,0.06333333333333334,0.0031666666666666666
"{'open_window': 30, 'boll_length': 890}",1023.6306399999999,1023.6306399999999,1.4388646436959107,5.442920625584159,2.7296817066666654,0.1165875746388621,-1.8806642801081428,45,0.07,0.0035000000000000005
"{'open_window': 30, 'boll_length': 990}",1023.401,1023.401,1.425795191286216,5.373577154056235,2.7290693333333316,0.11763111679652663,-1.90450601277305,88,0.06111111111111111,0.0030555555555555557
"{'open_window': 45, 'boll_length': 640}",1023.1024400000001,1023.1024400000001,1.4378677054540505,6.486266085107843,2.72827317333333,0.11661104750496293,-1.5773365239347692,45,0.06555555555555556,0.003277777777777778
"{'open_window': 30, 'boll_length': 420}",1022.7536,1022.7536,1.0653895018077775,3.133436168366302,2.7273429333333317,0.15732911261736862,-3.2640001105662813,6,0.16,0.008
"{'open_window': 60, 'boll_length': 540}",1020.1884600000001,1020.1884600000001,1.4080726472616387,6.464281129339533,2.72050256,0.11875535214390992,-1.578193212188212,29,0.056666666666666664,0.002833333333333333
"{'open_window': 15, 'boll_length': 550}",1017.83524,1017.83524,1.0577395639767218,3.625519711309662,2.714227306666667,0.15774067871846992,-2.8074188559088626,6,0.23555555555555555,0.01177777777777778
"{'open_window': 30, 'boll_length': 1000}",1016.6833599999998,1016.6833599999998,1.4154935620071865,5.271061181132393,2.7111556266666645,0.11774591745654757,-1.928802047753092,88,0.06111111111111111,0.0030555555555555557
"{'open_window': 30, 'boll_length': 980}",1016.6569199999999,1016.6569199999999,1.4178164716171555,5.413428720169468,2.711085119999997,0.11755009217895565,-1.8780277206054579,88,0.06555555555555556,0.003277777777777778
"{'open_window': 45, 'boll_length': 170}",1013.5761999999995,1013.5761999999995,1.114662231270067,3.8662674552642504,2.7028698666666644,0.14908824388516806,-2.621588422756241,16,0.24444444444444444,0.012222222222222223
"{'open_window': 15, 'boll_length': 420}",1012.1134200000001,1012.1134200000001,1.057430009045981,4.342949043203774,2.698969120000001,0.15694126157010227,-2.3304750065714996,16,0.30666666666666664,0.015333333333333334
"{'open_window': 30, 'boll_length': 180}",1011.6225000000003,1011.6225000000003,1.096693652566937,7.356189046713675,2.697660000000006,0.1512525041386919,-1.3751991602933824,14,0.36,0.018
"{'open_window': 60, 'boll_length': 550}",1007.62934,1007.62934,1.3897302851960662,6.29673478592895,2.6870115733333337,0.11891036912617566,-1.6002410364363882,29,0.056666666666666664,0.002833333333333333
"{'open_window': 45, 'boll_length': 730}",1007.2146,1007.2146,1.392181990591779,6.75281137134899,2.685905599999998,0.11865437552567289,-1.4915485486140432,29,0.058888888888888886,0.002944444444444445
"{'open_window': 45, 'boll_length': 360}",1006.6421,1006.6421,1.1244704418978262,4.031823287801367,2.684378933333331,0.1468237383221276,-2.496741618229357,22,0.10888888888888888,0.0054444444444444445
"{'open_window': 30, 'boll_length': 900}",1006.1467799999998,1006.1467799999998,1.4120121329237896,5.294954206055465,2.6830580799999972,0.11686973883136484,-1.9001992101260103,45,0.07,0.0035000000000000005
"{'open_window': 15, 'boll_length': 450}",1004.72438,1004.72438,1.0709894347426616,4.415571714402487,2.679265013333332,0.15387548251876979,-2.2754117586242355,16,0.29333333333333333,0.014666666666666668
"{'open_window': 30, 'boll_length': 430}",1004.5157400000002,1004.5157400000002,1.0432029034616415,3.065070463639065,2.678708639999995,0.15794279362656044,-3.27730064256783,6,0.15333333333333332,0.007666666666666667
"{'open_window': 30, 'boll_length': 630}",1003.3249199999999,1003.3249199999999,1.1710749542675705,4.554505586382821,2.675533119999998,0.14053763356006288,-2.2029282892961337,29,0.09111111111111111,0.004555555555555556
"{'open_window': 60, 'boll_length': 500}",1002.9184999999998,1002.9184999999998,1.3980454183218187,5.195622329531836,2.6744493333333352,0.11767609291020316,-1.9303144770539378,90,0.06111111111111111,0.0030555555555555557
"{'open_window': 60, 'boll_length': 200}",1002.3126799999995,1002.3126799999995,1.2196002866166347,3.9241696780257107,2.672833813333337,0.13481609149874277,-2.554203213007535,29,0.16444444444444445,0.008222222222222223
"{'open_window': 30, 'boll_length': 960}",999.8019799999998,999.8019799999998,1.3935597891250486,6.3149474040286435,2.666138613333331,0.11770495823132865,-1.5832308901926433,45,0.06777777777777778,0.003388888888888889
"{'open_window': 15, 'boll_length': 980}",998.3926600000001,998.3926600000001,1.2583546456150345,4.4946116740045445,2.6623804266666675,0.13017661035772987,-2.2213101651793354,30,0.1288888888888889,0.0064444444444444445
"{'open_window': 30, 'boll_length': 910}",997.9070199999999,997.9070199999999,1.3996618227364113,5.19489538245969,2.6610853866666657,0.1169799247040124,-1.9209376638639994,45,0.07,0.0035000000000000005
"{'open_window': 15, 'boll_length': 800}",994.2739999999999,994.2739999999999,1.023848273386066,3.1014352941228616,2.651397333333332,0.15936308787761536,-3.2058511808520476,6,0.16444444444444445,0.008222222222222221
"{'open_window': 45, 'boll_length': 740}",992.0777,992.0777,1.3722444614962543,6.577457599674499,2.645540533333334,0.11865212605336127,-1.5082996506873652,29,0.058888888888888886,0.002944444444444445
"{'open_window': 30, 'boll_length': 500}",989.7032000000002,989.7032000000002,1.2556062889265498,4.336417563826638,2.639208533333335,0.1293780101366002,-2.282306040488049,30,0.12666666666666668,0.006333333333333333
"{'open_window': 30, 'boll_length': 100}",989.3408800000007,989.3408800000007,0.9858453095729769,7.859457637234166,2.6382423466666673,0.16472269046150842,-1.2587902698438118,6,0.6977777777777778,0.034888888888888886
"{'open_window': 15, 'boll_length': 430}",988.5476600000004,988.5476600000004,1.0374418609295215,3.9757960928222316,2.636127093333336,0.15641053886889336,-2.4864143857495398,16,0.3,0.015
"{'open_window': 30, 'boll_length': 200}",987.9582000000004,987.9582000000004,1.0547215775171535,6.1970120622013996,2.6345552000000025,0.15376048446989593,-1.5942492770444003,6,0.3088888888888889,0.015444444444444445
"{'open_window': 30, 'boll_length': 920}",986.6687,986.6687,1.3810541820735955,5.7886443840905475,2.631116533333332,0.11728177178285948,-1.704490092208376,45,0.07222222222222222,0.003611111111111111
"{'open_window': 60, 'boll_length': 480}",986.5464000000002,986.5464000000002,1.376633939353259,6.325122496407875,2.6307903999999973,0.11764443359160622,-1.5597269468856492,45,0.06777777777777778,0.003388888888888889
"{'open_window': 45, 'boll_length': 630}",984.59152,984.59152,1.379270214494821,5.699851097296786,2.6255773866666665,0.11719749235640259,-1.727398669180942,45,0.06555555555555556,0.003277777777777778
"{'open_window': 15, 'boll_length': 990}",984.4565800000001,984.4565800000001,1.2405162338987035,4.425920654248133,2.6252175466666654,0.13028919757707796,-2.2242978510134117,30,0.1288888888888889,0.006444444444444445
"{'open_window': 45, 'boll_length': 590}",982.82446,982.82446,1.3920179472291139,5.316161786398197,2.6208652266666674,0.11592528936822434,-1.8487482125066828,45,0.07,0.0035000000000000005
"{'open_window': 45, 'boll_length': 420}",981.7701799999999,981.7701799999999,1.1421391516666768,3.3038144531168716,2.6180538133333306,0.1411429063028629,-2.971626263919819,22,0.09111111111111111,0.004555555555555556
"{'open_window': 30, 'boll_length': 730}",981.12868,981.12868,1.1708905952478754,4.0831588254901,2.616343146666669,0.13759123674541449,-2.4028668046784496,10,0.08222222222222222,0.004111111111111111
"{'open_window': 45, 'boll_length': 750}",981.09936,981.09936,1.3680016737018046,6.43306474122512,2.616264959999999,0.11776278654019913,-1.5250885844701727,29,0.058888888888888886,0.002944444444444445
"{'open_window': 45, 'boll_length': 680}",980.6623000000002,980.6623000000002,1.3676956156209368,4.543258862129982,2.6150994666666647,0.11773904602204836,-2.1584997240070147,90,0.058888888888888886,0.0029444444444444444
"{'open_window': 60, 'boll_length': 250}",980.1813999999999,980.1813999999999,1.2424558857573815,4.1817038725751985,2.613817066666666,0.12954648246255057,-2.3439761156410612,30,0.12444444444444444,0.006222222222222223
"{'open_window': 15, 'boll_length': 440}",976.1990200000006,976.1990200000006,1.0224572398827898,4.087258973284228,2.6031973866666647,0.15680985557634275,-2.388395319163238,16,0.29777777777777775,0.014888888888888889
"{'open_window': 15, 'boll_length': 300}",972.9288800000002,972.9288800000002,0.913680414633965,3.8580733959880114,2.594477013333337,0.17491724497311115,-2.521799821153596,16,0.45111111111111113,0.022555555555555558
"{'open_window': 30, 'boll_length': 870}",969.0306799999997,969.0306799999997,1.3684707537728333,5.239504687664624,2.5840818133333343,0.11633923507496215,-1.8494700124639476,45,0.07444444444444444,0.003722222222222222
"{'open_window': 30, 'boll_length': 930}",966.3296599999998,966.3296599999998,1.352300007291478,5.669020081242791,2.5768790933333343,0.11741693961762627,-1.704579708929443,45,0.07222222222222222,0.003611111111111111
"{'open_window': 45, 'boll_length': 600}",964.4467400000001,964.4467400000001,1.3629695239349893,5.137981075431484,2.571857973333333,0.11628092065994035,-1.8770928227270796,45,0.07,0.0035000000000000005
"{'open_window': 45, 'boll_length': 190}",961.8485199999998,961.8485199999998,1.058763448395003,4.152288208592435,2.564929386666665,0.14930568701361666,-2.316430054179818,6,0.2288888888888889,0.011444444444444445
"{'open_window': 45, 'boll_length': 260}",961.4656999999997,961.4656999999997,1.0062769131890563,3.3083537098231837,2.5639085333333376,0.15703360293874985,-2.9061756520930992,6,0.17777777777777778,0.008888888888888889
"{'open_window': 30, 'boll_length': 950}",961.4188799999997,961.4188799999997,1.3407731769486797,6.0640315414574015,2.5637836800000002,0.1178513559100483,-1.5854450515752712,45,0.07,0.0035000000000000005
"{'open_window': 30, 'boll_length': 210}",961.37008,961.37008,1.0216671878701287,5.374160653924438,2.5636535466666706,0.1546533699273495,-1.7888748437357722,9,0.30666666666666664,0.015333333333333334
"{'open_window': 15, 'boll_length': 770}",960.9702599999998,960.9702599999998,1.0130335876792913,3.023562996966769,2.5625873600000006,0.15590942721790513,-3.178271003329659,6,0.17333333333333334,0.008666666666666666
"{'open_window': 30, 'boll_length': 940}",959.5285999999999,959.5285999999999,1.3435951527124226,5.562014223709173,2.5587429333333307,0.11738288197782602,-1.7251458939278164,45,0.07,0.0035000000000000005
"{'open_window': 30, 'boll_length': 390}",958.2011399999998,958.2011399999998,0.9856517463487263,2.958982625949991,2.5552030400000034,0.15979940746354002,-3.2382790341405525,6,0.17333333333333334,0.008666666666666668
"{'open_window': 30, 'boll_length': 150}",957.9565000000005,957.9565000000005,0.9354050582974958,4.8150835201282485,2.55455066666667,0.1683421902563251,-1.98949093197554,8,0.43777777777777777,0.02188888888888889
"{'open_window': 60, 'boll_length': 440}",956.5154,956.5154,1.3635196337296398,5.1544496469379695,2.550707733333333,0.11532048599388507,-1.8557081075924824,45,0.06777777777777778,0.003388888888888889
"{'open_window': 45, 'boll_length': 340}",944.1144400000003,944.1144400000003,1.2066294614923039,3.9933746481919092,2.517638506666664,0.12869931711034968,-2.3642020175278775,30,0.12,0.006
"{'open_window': 45, 'boll_length': 160}",943.8173399999998,943.8173399999998,1.0032781526757089,2.748844674431413,2.5168462399999982,0.1547384021033436,-3.4335055333572964,16,0.2644444444444444,0.013222222222222222
"{'open_window': 45, 'boll_length': 770}",940.42086,940.42086,1.3165414662487247,6.629860932531865,2.5077889599999934,0.1175134664043958,-1.418462422621076,29,0.058888888888888886,0.002944444444444445
"{'open_window': 60, 'boll_length': 570}",940.39954,940.39954,1.3175843302879844,5.675304992982035,2.5077321066666696,0.11741790896667625,-1.6570026477218047,29,0.058888888888888886,0.002944444444444445
"{'open_window': 60, 'boll_length': 370}",940.2514000000001,940.2514000000001,1.1251455893858793,3.879071705006231,2.5073370666666626,0.1374797096466128,-2.4239082736896407,10,0.08,0.004
"{'open_window': 45, 'boll_length': 690}",938.7142400000001,938.7142400000001,1.3253944861318099,4.4450224174816295,2.5032379733333343,0.11652592391625628,-2.1118324090069223,45,0.06111111111111111,0.0030555555555555557
"{'open_window': 45, 'boll_length': 580}",938.35298,938.35298,1.3351126039485435,5.146350622116022,2.502274613333331,0.11563516624401825,-1.8233366688377268,45,0.07222222222222222,0.003611111111111111
"{'open_window': 45, 'boll_length': 760}",937.8462400000001,937.8462400000001,1.317752007566064,6.058418958792103,2.500923306666666,0.11709807420682333,-1.5480049273234529,29,0.058888888888888886,0.002944444444444445
"{'open_window': 60, 'boll_length': 560}",936.3152799999999,936.3152799999999,1.3094429529073521,5.737816918027959,2.496840746666666,0.11765710968873319,-1.6318319203565728,29,0.058888888888888886,0.002944444444444445
"{'open_window': 60, 'boll_length': 450}",934.72686,934.72686,1.3287732296704684,4.940918127267336,2.4926049599999978,0.11575733279137722,-1.891808032279553,45,0.06777777777777778,0.003388888888888889
"{'open_window': 45, 'boll_length': 620}",933.9932400000002,933.9932400000002,1.3169784600402783,5.055600560811297,2.490648639999999,0.11670635514517173,-1.8474427098530841,45,0.07,0.0035000000000000005
"{'open_window': 15, 'boll_length': 570}",932.3073399999998,932.3073399999998,0.9808179176802305,3.286114526971062,2.4861529066666677,0.15643507663962544,-2.8371115259313373,6,0.24,0.012
"{'open_window': 60, 'boll_length': 580}",930.41814,930.41814,1.3006752008474025,5.529864113561184,2.48111504,0.11773641865188121,-1.6825334599421446,29,0.058888888888888886,0.002944444444444445
"{'open_window': 45, 'boll_length': 610}",927.9663400000001,927.9663400000001,1.3139138286994865,4.519065311191044,2.4745769066666647,0.11625624378085658,-2.053447507611756,45,0.07,0.0035000000000000005
"{'open_window': 15, 'boll_length': 780}",923.47206,923.47206,0.9590496404588484,2.892135069561916,2.4625921599999976,0.15853467310691347,-3.1930460984309468,6,0.1711111111111111,0.008555555555555558
"{'open_window': 45, 'boll_length': 500}",922.5024199999998,922.5024199999998,1.0984662725771672,3.7664911174450166,2.460006453333333,0.1382744485835679,-2.4492356180724926,10,0.07777777777777778,0.0038888888888888888
"{'open_window': 45, 'boll_length': 840}",921.7728199999999,921.7728199999999,1.284586099025567,6.017512895128961,2.458060853333332,0.11815076738016078,-1.53181694175704,29,0.04888888888888889,0.002444444444444445
"{'open_window': 30, 'boll_length': 160}",921.2850599999997,921.2850599999997,0.9832922787976357,4.295108131438699,2.4567601599999973,0.1542755511343309,-2.1449635999999916,12,0.4066666666666667,0.020333333333333335
"{'open_window': 15, 'boll_length': 520}",920.6161399999996,920.6161399999996,1.1337308125721235,4.2020514216994655,2.4549763733333307,0.13371121564942784,-2.190873094141403,31,0.24444444444444444,0.012222222222222223
"{'open_window': 15, 'boll_length': 480}",920.0841000000004,920.0841000000004,0.9743155098866495,2.7301877383111495,2.453557600000001,0.15550266884388758,-3.370039675620072,16,0.27555555555555555,0.01377777777777778
"{'open_window': 30, 'boll_length': 620}",919.7032999999999,919.7032999999999,1.0489443334359723,2.859414453659083,2.45254213333333,0.14438195712269306,-3.2164043195035603,29,0.09555555555555556,0.004777777777777778
"{'open_window': 45, 'boll_length': 780}",919.06158,919.06158,1.2886352682029778,6.3841555324848285,2.4508308800000007,0.11744787613073436,-1.4395977280369998,29,0.058888888888888886,0.002944444444444445
"{'open_window': 45, 'boll_length': 850}",918.4986800000001,918.4986800000001,1.286113813484861,5.928666852196502,2.4493298133333377,0.11760913661381805,-1.5492499458958613,29,0.04888888888888889,0.002444444444444445
"{'open_window': 15, 'boll_length': 580}",917.4716999999998,917.4716999999998,0.9425597046654682,3.2173067170081504,2.4465912000000025,0.1603047755130341,-2.8516762021781363,6,0.24,0.012
"{'open_window': 60, 'boll_length': 520}",916.3450799999998,916.3450799999998,1.3560036042733086,4.3077402897792965,2.443586879999996,0.11129703588689213,-2.1272059556936442,90,0.058888888888888886,0.0029444444444444444
"{'open_window': 15, 'boll_length': 470}",916.2691200000006,916.2691200000006,0.9745835289195408,2.6431862192994404,2.4433843200000047,0.15484276068716168,-3.4665326011076623,16,0.2822222222222222,0.01411111111111111
"{'open_window': 60, 'boll_length': 510}",916.0522400000002,916.0522400000002,1.2966454180091849,4.042671684600995,2.4428059733333285,0.11635640946910124,-2.2659575435951114,90,0.058888888888888886,0.0029444444444444444
"{'open_window': 15, 'boll_length': 1000}",912.6323000000002,912.6323000000002,1.167086649551874,3.991174422831902,2.433686133333334,0.12881103444426664,-2.2866259484406353,30,0.13111111111111112,0.006555555555555556
"{'open_window': 60, 'boll_length': 590}",911.9247600000001,911.9247600000001,1.2729084230795698,5.334246351258149,2.4317993600000007,0.11801479747691575,-1.7095662628796873,29,0.058888888888888886,0.002944444444444445
"{'open_window': 45, 'boll_length': 790}",911.29358,911.29358,1.2759137995941816,6.2439827682121,2.4301162133333305,0.11765877916378067,-1.459474847751603,29,0.056666666666666664,0.002833333333333333
"{'open_window': 15, 'boll_length': 530}",910.3660599999998,910.3660599999998,1.1147770289598367,3.6054175033645652,2.4276428266666628,0.1345346447640581,-2.524994842207449,31,0.24,0.012
"{'open_window': 30, 'boll_length': 740}",908.9245999999999,908.9245999999999,1.0877152697355321,3.753619728207698,2.4237989333333294,0.1376726997527379,-2.421461591246478,10,0.08222222222222222,0.004111111111111111
"{'open_window': 30, 'boll_length': 230}",907.7221800000002,907.7221800000002,0.9802933037554368,3.042993115584037,2.4205924799999976,0.15256551903830468,-2.9829912376445886,16,0.28888888888888886,0.014444444444444444
"{'open_window': 45, 'boll_length': 510}",905.48396,905.48396,1.079704706992228,3.769504666727135,2.414623893333333,0.13819122065799144,-2.402129828867368,11,0.07777777777777778,0.0038888888888888888
"{'open_window': 45, 'boll_length': 400}",901.2762000000002,901.2762000000002,1.0316158810517388,2.9116620968504052,2.4034031999999956,0.14398908689002413,-3.0954010802796255,29,0.1,0.005
"{'open_window': 45, 'boll_length': 860}",900.78802,900.78802,1.2706131122887556,5.310841720146859,2.402101386666668,0.11684464870087717,-1.696130420499693,29,0.04666666666666667,0.0023333333333333335
"{'open_window': 60, 'boll_length': 460}",900.3945000000002,900.3945000000002,1.2765528530115555,4.784552432362564,2.4010519999999977,0.1162522970804242,-1.8818782168834824,45,0.07,0.0035000000000000005
"{'open_window': 45, 'boll_length': 150}",897.4820800000001,897.4820800000001,0.98085489782804,3.9530940302379114,2.393285546666668,0.15082988137668107,-2.2703281863143205,16,0.3,0.015
"{'open_window': 15, 'boll_length': 510}",896.46472,896.46472,1.1006355055191905,4.169600153744301,2.3905725866666687,0.1342692664598266,-2.1500016475080366,31,0.24888888888888888,0.012444444444444445
"{'open_window': 60, 'boll_length': 310}",894.5870999999999,894.5870999999999,1.0202886186738471,2.7799765048870775,2.3855655999999983,0.14455212389179,-3.2179664052100954,29,0.09555555555555556,0.004777777777777778
"{'open_window': 45, 'boll_length': 180}",889.9773199999996,889.9773199999996,0.9786206932344559,2.9204416791322636,2.373272853333326,0.14996248947261379,-3.0474065835974224,16,0.23555555555555555,0.01177777777777778
"{'open_window': 15, 'boll_length': 790}",889.18412,889.18412,0.9242828848652805,2.775760961242865,2.3711576533333316,0.15864300417347743,-3.203388665001836,6,0.1711111111111111,0.008555555555555558
"{'open_window': 45, 'boll_length': 810}",889.1689999999999,889.1689999999999,1.2501424353754114,5.927684041673202,2.3711173333333355,0.11728953380920801,-1.5000276562463606,29,0.05333333333333334,0.0026666666666666666
"{'open_window': 15, 'boll_length': 540}",886.6597999999998,886.6597999999998,1.0909660653005846,3.6462985900646365,2.3644261333333345,0.13403893655453344,-2.431670852233423,31,0.24,0.012
"{'open_window': 45, 'boll_length': 410}",884.6298000000002,884.6298000000002,1.0099605155289069,2.8204617497237106,2.359012799999997,0.14447191647271956,-3.1364715372816385,29,0.09333333333333334,0.004666666666666667
"{'open_window': 15, 'boll_length': 160}",882.54124,882.54124,0.8384169984705603,4.202668591279869,2.353443306666663,0.17363747284251504,-2.099954400000006,2,0.8977777777777778,0.044888888888888895
"{'open_window': 60, 'boll_length': 600}",882.2311399999999,882.2311399999999,1.2357647160998682,6.039402059496417,2.3526163733333343,0.11776639736593199,-1.4607921964936434,29,0.056666666666666664,0.002833333333333333
"{'open_window': 15, 'boll_length': 250}",880.5985000000001,880.5985000000001,0.9120110000201868,4.01004105531272,2.348262666666668,0.1592889691502851,-2.1959837514215366,12,0.54,0.027
"{'open_window': 45, 'boll_length': 830}",879.3945999999999,879.3945999999999,1.2393472726562091,5.804410818446185,2.345052266666663,0.11706389810435096,-1.5150454154714854,29,0.051111111111111114,0.0025555555555555553
"{'open_window': 45, 'boll_length': 800}",876.84548,876.84548,1.2392735453373271,5.9235056931549686,2.338254613333331,0.11674537647193284,-1.480281315527824,29,0.05444444444444444,0.0027222222222222222
"{'open_window': 60, 'boll_length': 630}",875.85608,875.85608,1.2345999340559823,4.893893163508929,2.3356162133333314,0.11706048819434942,-1.789691868491892,29,0.051111111111111114,0.0025555555555555553
"{'open_window': 30, 'boll_length': 240}",875.8157200000002,875.8157200000002,0.9287817919089755,2.515219142813041,2.3355085866666654,0.15559788581091055,-3.4820652606058022,16,0.2733333333333333,0.013666666666666667
"{'open_window': 15, 'boll_length': 280}",872.7989999999996,872.7989999999996,0.9274773596371237,3.93447941069354,2.3274640000000053,0.15530185860049978,-2.218334140033412,16,0.4666666666666667,0.023333333333333334
"{'open_window': 15, 'boll_length': 560}",869.5816199999998,869.5816199999998,0.9083878017453861,3.0815988452435734,2.318884319999999,0.15800467923638467,-2.82185210882394,6,0.24222222222222223,0.012111111111111109
"{'open_window': 30, 'boll_length': 750}",868.0813799999999,868.0813799999999,1.0345948293847917,3.5464265969954796,2.3148836799999963,0.13850052420824385,-2.447763562159821,10,0.08222222222222222,0.004111111111111111
"{'open_window': 60, 'boll_length': 120}",866.5561399999999,866.5561399999999,1.071199188887205,4.940152879974035,2.3108163733333296,0.13354223727116862,-1.7541079417051426,12,0.28,0.014
"{'open_window': 60, 'boll_length': 640}",866.3464200000001,866.3464200000001,1.2262379702316555,4.8295890127712875,2.3102571199999984,0.11663079967024316,-1.7938305261773762,29,0.051111111111111114,0.0025555555555555553
"{'open_window': 60, 'boll_length': 620}",865.87734,865.87734,1.2189865830015254,5.801234788414518,2.3090062399999964,0.11726364260195832,-1.4925742045973005,29,0.05333333333333334,0.0026666666666666666
"{'open_window': 30, 'boll_length': 510}",865.3002200000003,865.3002200000003,1.1124200822183081,3.750010312256103,2.3074672533333285,0.1284149593960384,-2.307460907965907,30,0.12444444444444444,0.006222222222222223
"{'open_window': 15, 'boll_length': 120}",864.6584399999995,864.6584399999995,0.8245423956466876,5.232854913051216,2.305755839999998,0.17312597143626385,-1.6523646353034982,391,1.1644444444444444,0.05822222222222223
"{'open_window': 45, 'boll_length': 90}",860.5311000000003,860.5311000000003,0.8765980179833827,3.124526189702666,2.294749599999998,0.16209900905147082,-2.7541170972930415,16,0.4866666666666667,0.024333333333333335
"{'open_window': 60, 'boll_length': 470}",860.4575600000001,860.4575600000001,1.2211647482358554,4.355247029836562,2.29455349333333,0.11635122500015982,-1.9756802636113358,45,0.06777777777777778,0.0033888888888888888
"{'open_window': 45, 'boll_length': 200}",859.40436,859.40436,0.9094988444971231,3.276694296169484,2.29174496,0.15603876842338718,-2.6227785759710924,6,0.22666666666666666,0.011333333333333332
"{'open_window': 30, 'boll_length': 770}",857.36382,857.36382,1.0235164775771197,3.55465958292901,2.286303519999997,0.13834032569457952,-2.411943534951772,11,0.08,0.004
"{'open_window': 30, 'boll_length': 220}",855.6028000000001,855.6028000000001,0.9062479405766322,3.759012329122354,2.281607466666671,0.1559334723590325,-2.276137253850843,16,0.29333333333333333,0.014666666666666666
"{'open_window': 30, 'boll_length': 520}",855.5397400000004,855.5397400000004,1.0954425953836084,3.2551539382298995,2.2814393066666603,0.12899296559000367,-2.628261999999995,46,0.11777777777777777,0.00588888888888889
"{'open_window': 15, 'boll_length': 620}",853.3023000000004,853.3023000000004,1.031440515931623,4.634507682883686,2.275472800000002,0.13665312447402525,-1.8411929775226061,21,0.22444444444444445,0.011222222222222222
"{'open_window': 60, 'boll_length': 260}",852.7835999999998,852.7835999999998,1.091517426127723,3.2403584373481236,2.2740895999999937,0.12905639289555806,-2.6317569999999977,46,0.11555555555555555,0.005777777777777778
"{'open_window': 60, 'boll_length': 130}",848.6800199999996,848.6800199999996,1.0661777499373501,4.367704246952999,2.263146719999997,0.1315130828680027,-1.943080327822232,31,0.24444444444444444,0.012222222222222223
"{'open_window': 60, 'boll_length': 380}",844.8438200000003,844.8438200000003,1.0070816343506526,3.530333764654734,2.2529168533333297,0.13862583984130722,-2.3930989994727145,11,0.08222222222222222,0.004111111111111111
"{'open_window': 30, 'boll_length': 90}",844.0172799999996,844.0172799999996,0.8789008695083561,4.011322378433906,2.250712746666667,0.1586940533315391,-2.1040873816018744,12,0.7822222222222223,0.03911111111111112
"{'open_window': 15, 'boll_length': 140}",843.8648600000005,843.8648600000005,0.81776591892801,4.519486011107552,2.250306293333336,0.17052819597939695,-1.8671699789003269,1,1.0377777777777777,0.051888888888888894
"{'open_window': 45, 'boll_length': 100}",843.2612400000004,843.2612400000004,0.8421190450339409,3.798925818205417,2.2486966399999986,0.16548293026788002,-2.2197359999999935,12,0.4533333333333333,0.022666666666666665
"{'open_window': 45, 'boll_length': 820}",842.2078600000001,842.2078600000001,1.1828636877824117,5.605269405411763,2.245887626666665,0.11767129256406089,-1.5025287797708107,29,0.05333333333333334,0.0026666666666666666
"{'open_window': 30, 'boll_length': 530}",837.84518,837.84518,1.102818308680171,3.167354868269642,2.234253813333335,0.12558399934948783,-2.645252,46,0.1111111111111111,0.005555555555555556
"{'open_window': 30, 'boll_length': 250}",832.7744599999995,832.7744599999995,1.0392452199585969,3.577100961268245,2.220731893333336,0.13249114177387028,-2.3280708848227323,31,0.2644444444444444,0.013222222222222222
"{'open_window': 15, 'boll_length': 260}",832.4465999999995,832.4465999999995,0.8660334640604779,2.919388901632419,2.2198575999999965,0.15892998804693384,-2.851441270926679,16,0.5133333333333333,0.025666666666666667
"{'open_window': 60, 'boll_length': 610}",832.19074,832.19074,1.1676708660071387,5.576520349466774,2.2191753066666684,0.11783973915765718,-1.4923118501299373,29,0.05555555555555555,0.002777777777777778
"{'open_window': 15, 'boll_length': 490}",828.2568999999999,828.2568999999999,1.0171832142472228,3.6197304558676873,2.2086850666666655,0.13465892344353142,-2.2881728628643363,12,0.2688888888888889,0.013444444444444446
"{'open_window': 60, 'boll_length': 110}",827.3836400000002,827.3836400000002,0.8737815969448448,3.893600411017723,2.2063563733333305,0.15659974152156061,-2.1249834411840287,16,0.3022222222222222,0.01511111111111111
"{'open_window': 30, 'boll_length': 260}",827.12152,827.12152,1.053065840830509,3.6262397812760594,2.205657386666668,0.12989909544196152,-2.280934438673384,31,0.24666666666666667,0.012333333333333335
"{'open_window': 30, 'boll_length': 760}",826.2990999999998,826.2990999999998,0.9868500965850874,3.4610701670339172,2.203464266666663,0.1384825770900271,-2.387409269740763,11,0.08444444444444445,0.004222222222222222
"{'open_window': 45, 'boll_length': 50}",826.0375800000005,826.0375800000005,0.8054895313657137,4.158210496356015,2.2027668800000026,0.169611097870479,-1.9865217999999913,2,0.9422222222222222,0.04711111111111112
"{'open_window': 30, 'boll_length': 270}",825.3465399999999,825.3465399999999,1.0166320920447578,3.4894296105942293,2.2009241066666676,0.13427678197046342,-2.365276369221412,31,0.23777777777777778,0.011888888888888888
"{'open_window': 15, 'boll_length': 270}",821.7629400000003,821.7629400000003,0.8471066312387254,2.6495173933486136,2.191367840000004,0.1604758625338822,-3.1015570687060476,16,0.4911111111111111,0.024555555555555556
"{'open_window': 60, 'boll_length': 270}",821.3775199999997,821.3775199999997,1.0871930861904548,3.0852664167034023,2.190340053333326,0.12498135101669441,-2.662258000000002,46,0.10666666666666667,0.005333333333333334
"{'open_window': 30, 'boll_length': 370}",820.8844399999996,820.8844399999996,0.9642742083730701,3.2165405652284833,2.1890251733333344,0.14083175192305256,-2.5520723999999975,45,0.18666666666666668,0.009333333333333334
"{'open_window': 15, 'boll_length': 150}",819.6157200000006,819.6157200000006,0.7838636859007994,3.947952951476546,2.1856419199999992,0.1729874668338549,-2.076052400000008,2,0.9711111111111111,0.04855555555555556
"{'open_window': 30, 'boll_length': 140}",813.9516600000005,813.9516600000005,0.8813129683754694,4.2820803906235545,2.170537759999996,0.15283701651021903,-1.9008322725147888,8,0.4666666666666667,0.023333333333333334
"{'open_window': 30, 'boll_length': 80}",813.6242199999999,813.6242199999999,0.7825503913073384,3.8576730577056635,2.169664586666666,0.1720593647173302,-2.109106209440931,15,0.9,0.045
"{'open_window': 45, 'boll_length': 870}",810.61236,810.61236,1.146983565605551,4.7179300446768275,2.1616329599999955,0.1169725782238756,-1.7181525633568908,29,0.04888888888888889,0.002444444444444445
"{'open_window': 60, 'boll_length': 50}",809.4354400000003,809.4354400000003,0.8240527127514383,4.2980340152110035,2.1584945066666648,0.162584525012906,-1.8832690414625806,24,0.6777777777777778,0.03388888888888889
"{'open_window': 30, 'boll_length': 540}",807.91224,807.91224,1.0643847747291493,3.038109248437539,2.1544326399999982,0.12564595640099047,-2.659259999999995,46,0.10888888888888888,0.0054444444444444445
"{'open_window': 60, 'boll_length': 400}",807.3981999999999,807.3981999999999,1.0219957237509,3.246469146545008,2.153061866666667,0.13077723241463965,-2.4870040759797702,11,0.08,0.004
"{'open_window': 45, 'boll_length': 380}",807.2681800000003,807.2681800000003,0.8550400207530101,2.372565269424462,2.152715146666661,0.15628866515940365,-3.402512000000006,53,0.10222222222222223,0.0051111111111111105
"{'open_window': 15, 'boll_length': 590}",806.8523199999997,806.8523199999997,0.8417327349408477,2.7907771281025395,2.1516061866666605,0.1586808028804429,-2.891138500008346,6,0.24,0.012
"{'open_window': 45, 'boll_length': 70}",802.7266799999991,802.7266799999991,0.8003629880866343,4.65109429322043,2.140604479999997,0.16606160799229436,-1.7258877790761555,6,0.6777777777777778,0.03388888888888889
"{'open_window': 30, 'boll_length': 130}",800.9081600000004,800.9081600000004,0.8677002369025024,3.021887029691853,2.135755093333334,0.1528405415760907,-2.6503577140065033,28,0.5088888888888888,0.025444444444444443
"{'open_window': 15, 'boll_length': 90}",798.6950199999994,798.6950199999994,0.7914095047356314,3.6711805087106817,2.1298533866666722,0.1671284361805479,-2.1755809013066036,25,1.54,0.07700000000000001
"{'open_window': 30, 'boll_length': 580}",798.4101600000001,798.4101600000001,1.0495604327935018,3.1145825733130983,2.129093760000001,0.1259780962799721,-2.563457995434366,37,0.10333333333333333,0.005166666666666667
"{'open_window': 30, 'boll_length': 820}",798.25874,798.25874,1.0025713825309055,3.2579687895583946,2.128689973333332,0.1318584294425951,-2.4501730727389828,11,0.0811111111111111,0.004055555555555555
"{'open_window': 30, 'boll_length': 310}",797.1549400000001,797.1549400000001,0.966956972004719,4.32483187801025,2.1257465066666663,0.13653298800157337,-1.8432044585436038,21,0.22666666666666666,0.011333333333333332
"{'open_window': 15, 'boll_length': 210}",796.7888600000001,796.7888600000001,0.7907741168924911,4.129502714430022,2.124770293333332,0.16687845353075373,-1.9295031753235616,12,0.68,0.034
"{'open_window': 30, 'boll_length': 550}",796.0810799999998,796.0810799999998,1.041687933676591,2.922832523700621,2.122882879999999,0.1265737202029133,-2.7236629999999966,46,0.10777777777777778,0.005388888888888889
"{'open_window': 45, 'boll_length': 30}",794.65162,794.65162,0.7755721376087469,4.632256691971792,2.1190709866666664,0.1697100535782318,-1.715474061222078,9,1.488888888888889,0.07444444444444444
"{'open_window': 30, 'boll_length': 830}",792.6204999999999,792.6204999999999,1.0000410782575744,3.21930246474494,2.1136546666666627,0.131293080837149,-2.4620876996806094,12,0.07888888888888888,0.003944444444444444
"{'open_window': 45, 'boll_length': 370}",792.36782,792.36782,0.8442805984583829,2.377927364273177,2.112980853333332,0.15546747575146536,-3.332178399999993,22,0.10666666666666667,0.005333333333333334
"{'open_window': 15, 'boll_length': 730}",790.5104600000003,790.5104600000003,0.9327157539552713,3.347599281170939,2.1080278933333396,0.1404092385733403,-2.3614249902798816,31,0.19555555555555557,0.00977777777777778
"{'open_window': 30, 'boll_length': 290}",788.0242199999998,788.0242199999998,0.8272347378728572,2.6945624983637875,2.1013979199999966,0.15783337748753873,-2.924497837695391,6,0.23777777777777778,0.011888888888888888
"{'open_window': 60, 'boll_length': 140}",787.7737399999996,787.7737399999996,1.0093807208918502,4.583619276846554,2.100729973333332,0.12931224379412162,-1.71867184514935,21,0.23333333333333334,0.011666666666666667
"{'open_window': 30, 'boll_length': 570}",785.34076,785.34076,1.0326206581188808,3.081624520741083,2.0942420266666657,0.12602597893096035,-2.548463496166422,37,0.10555555555555556,0.005277777777777778
"{'open_window': 30, 'boll_length': 300}",783.0414000000003,783.0414000000003,0.9703179928058826,4.407633995447575,2.0881103999999993,0.1337396774743118,-1.776557220515052,21,0.2311111111111111,0.011555555555555557
"{'open_window': 45, 'boll_length': 880}",782.52286,782.52286,1.1084794527811117,4.504503378193756,2.086727626666664,0.11699561697179105,-1.737201183571495,29,0.04888888888888889,0.002444444444444445
"{'open_window': 60, 'boll_length': 650}",780.0114199999998,780.0114199999998,1.1051528454167538,4.283312200972254,2.0800304533333325,0.11698496195068195,-1.82104731899521,29,0.05333333333333334,0.002666666666666667
"{'open_window': 15, 'boll_length': 720}",778.9781,778.9781,0.9217902910782256,3.406406408102435,2.077274933333329,0.14007660841587555,-2.28680317811501,31,0.19777777777777777,0.00988888888888889
"{'open_window': 45, 'boll_length': 250}",774.8165200000003,774.8165200000003,0.7836748211412424,2.3496951071766277,2.06617738666667,0.16391563338336923,-3.2975194000000014,22,0.18666666666666668,0.009333333333333334
"{'open_window': 45, 'boll_length': 210}",772.6407199999999,772.6407199999999,0.7921940123905228,2.5503452156164634,2.060375253333332,0.16171407966580442,-3.0295534709140886,6,0.22444444444444445,0.011222222222222224
"{'open_window': 60, 'boll_length': 70}",768.9966200000008,768.9966200000008,0.8083916610473673,2.934374660105254,2.0506576533333387,0.15775341847516974,-2.6206490618086873,28,0.46444444444444444,0.02322222222222222
"{'open_window': 15, 'boll_length': 600}",767.9210399999997,767.9210399999997,0.8000345559547054,2.638461103548227,2.0477894399999976,0.15918639614475585,-2.9104883864586517,6,0.23777777777777778,0.011888888888888888
"{'open_window': 15, 'boll_length': 700}",767.8074399999998,767.8074399999998,0.9088036611948846,3.1116784426156903,2.047486506666664,0.14011437602748775,-2.4675025204550916,45,0.20666666666666667,0.010333333333333333
"{'open_window': 60, 'boll_length': 280}",767.3053000000002,767.3053000000002,1.012819235391008,2.830319166908516,2.0461474666666626,0.12564550537369398,-2.7110203999999976,46,0.10555555555555556,0.005277777777777778
"{'open_window': 15, 'boll_length': 690}",765.6335200000002,765.6335200000002,0.908399743394696,3.181202391847307,2.0416893866666657,0.1397940764401718,-2.406742563636137,45,0.20666666666666667,0.010333333333333333
"{'open_window': 60, 'boll_length': 180}",765.3512399999997,765.3512399999997,0.9061879847409888,3.332279394448458,2.040936639999996,0.14008546872454797,-2.296779919700207,31,0.19555555555555557,0.00977777777777778
"{'open_window': 30, 'boll_length': 280}",764.5703200000003,764.5703200000003,0.8165235984453627,2.6399599374830167,2.038854186666666,0.15531565664123995,-2.896143646516675,6,0.24,0.012
"{'open_window': 30, 'boll_length': 590}",764.43292,764.43292,0.9994238619530436,2.7382944244139074,2.0384877866666606,0.12687002219418547,-2.7916388872741966,37,0.10222222222222223,0.005111111111111111
"{'open_window': 60, 'boll_length': 410}",762.67844,762.67844,0.9709248688291521,3.1191821733858287,2.0338091733333323,0.13030498261539064,-2.445123104727554,11,0.07888888888888888,0.003944444444444445
"{'open_window': 45, 'boll_length': 240}",760.9526999999999,760.9526999999999,0.7599014138886275,2.23200860389944,2.0292071999999983,0.1661272343717681,-3.409273148278075,16,0.19777777777777777,0.00988888888888889
"{'open_window': 15, 'boll_length': 230}",760.5288599999994,760.5288599999994,0.7803563784223442,3.6573599849256966,2.028076959999995,0.16168576926724074,-2.0794476429299293,4,0.5933333333333334,0.029666666666666668
"{'open_window': 15, 'boll_length': 610}",759.5345599999999,759.5345599999999,0.93592516659809,4.276953524473435,2.0254254933333313,0.13464052858024347,-1.7758775157453006,21,0.2311111111111111,0.011555555555555553
"{'open_window': 45, 'boll_length': 40}",759.0651400000006,759.0651400000006,0.7096211813890347,4.8473111575661365,2.0241737066666707,0.1774726605055105,-1.565950926866293,382,1.1222222222222222,0.05611111111111112
"{'open_window': 60, 'boll_length': 40}",758.18248,758.18248,0.8010228290935641,3.361211053949093,2.0218199466666675,0.15704563373643698,-2.2556824544213323,15,0.8755555555555555,0.043777777777777784
"{'open_window': 15, 'boll_length': 710}",757.1990399999999,757.1990399999999,0.8980053213943376,3.1598584779520427,2.019197440000002,0.13990983763328674,-2.396306813369547,45,0.20444444444444446,0.010222222222222221
"{'open_window': 60, 'boll_length': 390}",754.98168,754.98168,0.9656470101123312,3.0750317463728356,2.0132844799999994,0.1297419526397795,-2.4551996280706403,11,0.08,0.004
"{'open_window': 30, 'boll_length': 350}",753.0975199999998,753.0975199999998,0.9019051787680202,3.1965462322556,2.0082600533333244,0.13857703329105275,-2.355972556882381,45,0.20444444444444446,0.010222222222222223
"{'open_window': 60, 'boll_length': 290}",752.75922,752.75922,0.986097146056871,2.679551303194621,2.007357919999997,0.12669054921055828,-2.8092734000000017,53,0.10333333333333333,0.005166666666666667
"{'open_window': 30, 'boll_length': 810}",749.7520800000001,749.7520800000001,0.9489239033829011,3.0837393037382648,1.9993388800000031,0.1311461661893431,-2.4313082467480758,11,0.07777777777777778,0.003888888888888889
"{'open_window': 15, 'boll_length': 500}",747.4811999999998,747.4811999999998,0.9390449419220483,3.2991504958567233,1.9932831999999931,0.13213857899531997,-2.2656777886875137,31,0.26,0.013
"{'open_window': 30, 'boll_length': 840}",746.1094400000001,746.1094400000001,0.969872313793308,2.997843732309048,1.9896251733333274,0.12771201546905017,-2.488820320948875,12,0.07888888888888888,0.003944444444444444
"{'open_window': 30, 'boll_length': 850}",746.0722999999998,746.0722999999998,0.9715825844180218,2.9815568493245768,1.989526133333328,0.1274810816746743,-2.5022910435835177,12,0.07888888888888888,0.003944444444444444
"{'open_window': 60, 'boll_length': 660}",745.9198800000001,745.9198800000001,1.0585064165957725,4.040223064486596,1.9891196799999968,0.1169893557213534,-1.8462343986811167,29,0.051111111111111114,0.0025555555555555553
"{'open_window': 45, 'boll_length': 390}",744.0519600000002,744.0519600000002,0.7877858452144986,2.1165605198455757,1.9841385599999959,0.15681259988134863,-3.5153823999999987,53,0.10222222222222223,0.005111111111111111
"{'open_window': 30, 'boll_length': 800}",740.4696799999999,740.4696799999999,0.9410768098453972,2.96739883369913,1.974585813333327,0.13065960753496628,-2.495349366559316,11,0.07555555555555556,0.0037777777777777783
"{'open_window': 30, 'boll_length': 560}",740.3572200000003,740.3572200000003,0.978436465090046,3.0050080167465514,1.9742859200000022,0.12565220888344222,-2.463744575302556,30,0.11,0.0055000000000000005
"{'open_window': 15, 'boll_length': 670}",738.83994,738.83994,0.8935879417839008,3.4800611569044944,1.9702398399999945,0.13731106934880327,-2.123065965476291,45,0.2111111111111111,0.010555555555555556
"{'open_window': 45, 'boll_length': 540}",737.6227000000001,737.6227000000001,0.9728779386682876,3.0166614621339605,1.9669938666666669,0.12591959260739283,-2.445162340086422,11,0.07333333333333333,0.003666666666666667
"{'open_window': 30, 'boll_length': 360}",736.83802,736.83802,0.8755495879574196,2.8870333402328434,1.9649013866666643,0.13977346384952952,-2.5522324585990823,45,0.19777777777777777,0.00988888888888889
"{'open_window': 15, 'boll_length': 630}",735.54582,735.54582,0.8866939414670799,3.7497545188191084,1.9614555199999963,0.1377830787717898,-1.961583928517114,21,0.22666666666666666,0.011333333333333332
"{'open_window': 45, 'boll_length': 560}",734.55592,734.55592,0.953586989228775,2.948704443173835,1.9588157866666653,0.12795129939565225,-2.491114094871309,12,0.07666666666666666,0.0038333333333333336
"{'open_window': 30, 'boll_length': 790}",733.60574,733.60574,0.9329271146788001,2.9581358024539086,1.956281973333329,0.13062148243264482,-2.479959640093058,11,0.08,0.004
"{'open_window': 15, 'boll_length': 680}",729.3147600000004,729.3147600000004,0.8730653686098642,3.3042161153999836,1.9448393599999987,0.13878920639087614,-2.2072247532504816,45,0.2111111111111111,0.010555555555555556
"{'open_window': 30, 'boll_length': 60}",717.6461199999997,717.6461199999997,0.6860789787819819,4.671745985978081,1.9137229866666656,0.17388523891164517,-1.5361411389959219,20,1.1711111111111112,0.05855555555555557
"{'open_window': 60, 'boll_length': 420}",717.3357800000001,717.3357800000001,0.9250196483310206,2.8937387902009366,1.9128954133333307,0.12891527649544307,-2.4789237453951,12,0.07888888888888888,0.003944444444444445
"{'open_window': 45, 'boll_length': 550}",715.2591000000003,715.2591000000003,0.9468206116951499,2.897970198486749,1.9073575999999965,0.12559463908018761,-2.4681382174788746,12,0.07444444444444444,0.0037222222222222227
"{'open_window': 45, 'boll_length': 890}",712.31946,712.31946,1.0005818963914679,4.043861265593282,1.8995185599999984,0.11837441546897715,-1.7614834268937107,29,0.04666666666666667,0.0023333333333333335
"{'open_window': 60, 'boll_length': 150}",711.7858600000002,711.7858600000002,0.8852172051538724,3.8919596870806705,1.8980956266666675,0.1337045325517094,-1.828862365565522,21,0.2311111111111111,0.011555555555555557
"{'open_window': 15, 'boll_length': 750}",707.9720399999999,707.9720399999999,0.6947832919463174,1.62906396178598,1.887925439999994,0.16946950891852253,-4.34588240000001,22,0.18,0.009000000000000001
"{'open_window': 45, 'boll_length': 530}",704.46466,704.46466,0.9446720675918933,2.8143671258284564,1.878572426666665,0.12404375788587854,-2.5031015091630175,11,0.07555555555555556,0.0037777777777777775
"{'open_window': 60, 'boll_length': 190}",701.9820200000001,701.9820200000001,0.7977151659943861,2.2052434996741104,1.8719520533333345,0.14639486907434532,-3.1832403999999954,45,0.17555555555555555,0.008777777777777778
"{'open_window': 45, 'boll_length': 60}",701.6489999999997,701.6489999999997,0.7141801605621241,2.117085552125595,1.8710639999999992,0.1634431329296376,-3.314221285462605,12,0.7822222222222223,0.03911111111111112
"{'open_window': 45, 'boll_length': 520}",697.12422,697.12422,0.9345927128249715,2.815378306890856,1.8589979199999953,0.12411812232923582,-2.4761298270066683,11,0.07777777777777778,0.0038888888888888888
"{'open_window': 60, 'boll_length': 170}",694.30622,694.30622,0.8403070669252017,3.2434691117286576,1.8514832533333287,0.13750494250835107,-2.1406284323452582,31,0.2088888888888889,0.010444444444444445
"{'open_window': 45, 'boll_length': 230}",694.09536,694.09536,0.693234992283614,2.1470331171594585,1.8509209599999998,0.16662810798078087,-3.232811615492422,16,0.21555555555555556,0.010777777777777777
"{'open_window': 30, 'boll_length': 340}",692.6441599999998,692.6441599999998,0.8405448202359926,3.1075794367281975,1.847051093333333,0.13714775319927602,-2.2288864181996506,45,0.2088888888888889,0.010444444444444444
"{'open_window': 30, 'boll_length': 610}",686.3810600000002,686.3810600000002,0.7332593763169818,1.8211906043712431,1.8303494933333297,0.15583883944668098,-3.7688589999999933,53,0.10444444444444445,0.005222222222222224
"{'open_window': 30, 'boll_length': 780}",685.97704,685.97704,0.9168017335879668,2.7717916268887537,1.829272106666663,0.12456914798072516,-2.474850682661112,11,0.08,0.004
"{'open_window': 15, 'boll_length': 220}",678.8696,678.8696,0.6741972624365149,2.7669825405559765,1.8103189333333347,0.16769564436259066,-2.45346542686747,12,0.6177777777777778,0.030888888888888886
"{'open_window': 15, 'boll_length': 100}",674.4379800000005,674.4379800000005,0.6550188129637369,3.031085528721906,1.79850128,0.1715148656477887,-2.2250707662623594,434,1.4111111111111112,0.07055555555555557
"{'open_window': 15, 'boll_length': 640}",674.0069799999998,674.0069799999998,0.8160571117125738,3.29824479993246,1.7973519466666645,0.13758345953720472,-2.043532305466839,35,0.22666666666666666,0.011333333333333332
"{'open_window': 30, 'boll_length': 320}",671.49314,671.49314,0.8129678798962703,3.147639811366331,1.7906483733333307,0.1376075554974471,-2.13332268061674,35,0.22666666666666666,0.011333333333333332
"{'open_window': 30, 'boll_length': 70}",671.4475,671.4475,0.6620739558004938,3.5807580396405596,1.790526666666666,0.1689587090119248,-1.8751546252686775,1,1.0377777777777777,0.051888888888888894
"{'open_window': 30, 'boll_length': 120}",671.3803600000003,671.3803600000003,0.7231030912849477,2.8591604314950922,1.790347626666667,0.15468379590618303,-2.348173095166005,10,0.5533333333333333,0.027666666666666666
"{'open_window': 30, 'boll_length': 110}",664.1155000000001,664.1155000000001,0.6907241303949031,3.5325244451321014,1.7709746666666661,0.1602377608698075,-1.880002559968597,6,0.6288888888888889,0.03144444444444444
"{'open_window': 60, 'boll_length': 670}",663.33994,663.33994,0.9357102987065846,3.5321341282890475,1.7689065066666683,0.11815077619219899,-1.8780145824227803,29,0.04666666666666667,0.0023333333333333335
"{'open_window': 60, 'boll_length': 160}",661.5388800000002,661.5388800000002,0.8026803246987188,3.17454049691081,1.7641036800000027,0.1373699275442426,-2.08388861519881,35,0.22,0.011000000000000001
"{'open_window': 15, 'boll_length': 240}",656.81286,656.81286,0.6794813102509805,2.3215232385326843,1.7515009600000002,0.1611537244955626,-2.8292323294387427,16,0.5644444444444444,0.028222222222222225
"{'open_window': 45, 'boll_length': 570}",655.7191799999999,655.7191799999999,0.8503645292967477,2.3315587171504157,1.7485844800000017,0.128561665022673,-2.812363999999998,36,0.07444444444444444,0.0037222222222222227
"{'open_window': 15, 'boll_length': 760}",652.90052,652.90052,0.6306256942537822,1.4064306464375758,1.7410680533333316,0.17263631010716665,-4.642251799999995,22,0.17777777777777778,0.008888888888888889
"{'open_window': 15, 'boll_length': 650}",637.2635799999996,637.2635799999996,0.7692218065144566,2.968421974329858,1.6993695466666618,0.13824409892878892,-2.1468092660372684,35,0.22444444444444445,0.011222222222222222
"{'open_window': 15, 'boll_length': 740}",636.32134,636.32134,0.712951057440763,1.7555247653943873,1.6968569066666697,0.14894135302923017,-3.6246788000000016,37,0.19111111111111112,0.009555555555555557
"{'open_window': 15, 'boll_length': 660}",635.96434,635.96434,0.7644571707400323,2.709555183229845,1.6959049066666645,0.1388306935189527,-2.3471171354477334,45,0.2222222222222222,0.011111111111111112
"{'open_window': 30, 'boll_length': 330}",633.7233400000001,633.7233400000001,0.7678167038944117,2.6516117884195762,1.689928906666663,0.137750841679473,-2.389955206745075,45,0.21555555555555556,0.010777777777777778
"{'open_window': 30, 'boll_length': 600}",631.12926,631.12926,0.6722219262541967,1.563842476452635,1.683011359999996,0.15671525598223113,-4.035759799999996,53,0.10444444444444445,0.005222222222222224
"{'open_window': 15, 'boll_length': 110}",626.4850600000004,626.4850600000004,0.672580835585153,2.396211340276911,1.6706268266666708,0.17826992115947696,-2.6144816588991007,434,1.3111111111111111,0.06555555555555556
"{'open_window': 30, 'boll_length': 380}",625.66964,625.66964,0.6024882456847191,1.3464027460115755,1.6684523733333319,0.17338631487707262,-4.646972399999995,22,0.18888888888888888,0.009444444444444445
"{'open_window': 15, 'boll_length': 130}",619.3113400000003,619.3113400000003,0.5882090126822889,2.966296533792931,1.6514969066666652,0.17584375795324508,-2.0878268000000024,2,1.0888888888888888,0.054444444444444455
"{'open_window': 45, 'boll_length': 220}",608.49788,608.49788,0.6180769964073897,1.9450981979749091,1.6226610133333292,0.16450894397368196,-3.1283658615977386,16,0.22444444444444445,0.011222222222222222
"{'open_window': 60, 'boll_length': 30}",604.3783399999991,604.3783399999991,0.5763651212452772,3.064213536243844,1.6116755733333339,0.1752545866170738,-1.972376705641917,558,1.1466666666666667,0.05733333333333334
"{'open_window': 30, 'boll_length': 50}",595.2710000000009,595.2710000000009,0.6647444511394119,3.4416476452097684,1.5873893333333378,0.1726888694924729,-1.7296105277613911,404,1.38,0.069
"{'open_window': 60, 'boll_length': 60}",591.564,591.564,0.6262147581072499,2.107066921232596,1.5775039999999998,0.1579798627397129,-2.8075235486775414,28,0.5511111111111111,0.027555555555555552
"{'open_window': 30, 'boll_length': 860}",564.2772,564.2772,0.6629275564694002,1.5264704402461204,1.504739199999996,0.14253290034682153,-3.6966140000000083,36,0.07666666666666666,0.0038333333333333336
"{'open_window': 60, 'boll_length': 430}",559.17796,559.17796,0.6872967361947079,1.6722704088880238,1.4911412266666644,0.1362699981745838,-3.3438249999999967,36,0.07444444444444444,0.0037222222222222227
"{'open_window': 45, 'boll_length': 80}",545.5820200000003,545.5820200000003,0.6100067685647357,1.6666658113114499,1.4548853866666651,0.14990018421188223,-3.2734937999999962,32,0.5622222222222222,0.028111111111111108
"{'open_window': 45, 'boll_length': 910}",533.96614,533.96614,0.8463739212734006,2.918045957264374,1.4239097066666653,0.10579609324580938,-1.8298757038788556,29,0.042222222222222223,0.002111111111111111
"{'open_window': 60, 'boll_length': 710}",530.50364,530.50364,0.8549322644469577,2.4366782501127626,1.4146763733333323,0.10407510343302907,-2.177159171406604,29,0.03777777777777778,0.0018888888888888892
"{'open_window': 45, 'boll_length': 990}",529.3161800000001,529.3161800000001,0.7838252089047185,2.3028041052264117,1.4115098133333308,0.11326893876306914,-2.298572331005796,29,0.044444444444444446,0.0022222222222222222
"{'open_window': 45, 'boll_length': 1000}",524.46382,524.46382,0.7759802610358123,2.258573891984568,1.3985701866666627,0.11339155186104917,-2.3221016671682215,29,0.042222222222222223,0.0021111111111111113
"{'open_window': 45, 'boll_length': 900}",520.6996799999998,520.6996799999998,0.8301756592396037,2.872298580402474,1.388532480000002,0.10524742804094696,-1.812832703231845,29,0.042222222222222223,0.002111111111111111
"{'open_window': 60, 'boll_length': 680}",514.7902,514.7902,0.8209696664160111,2.658015846857103,1.372773866666665,0.10524957934476607,-1.936746165786403,29,0.042222222222222223,0.002111111111111111
"{'open_window': 60, 'boll_length': 700}",510.1301199999999,510.1301199999999,0.8203414281263623,2.3708503702751336,1.3603469866666686,0.10440002252123687,-2.1516757295012297,29,0.04,0.002
"{'open_window': 45, 'boll_length': 940}",508.41517999999996,508.41517999999996,0.811116722692191,2.299295402143013,1.3557738133333312,0.10524104506184108,-2.2111781701739623,29,0.04,0.0019999999999999996
"{'open_window': 15, 'boll_length': 80}",505.27932000000027,505.27932000000027,0.5213673590862652,1.8543777382262454,1.3474115200000014,0.16274326609862821,-2.724791770221054,25,1.751111111111111,0.08755555555555557
"{'open_window': 60, 'boll_length': 690}",500.15886000000006,500.15886000000006,0.7972680254641169,2.347897753343399,1.3337569599999988,0.10537211421459795,-2.130241230853324,29,0.042222222222222223,0.002111111111111111
"{'open_window': 45, 'boll_length': 920}",495.39096000000006,495.39096000000006,0.7860292955248162,2.276007224502716,1.3210425599999986,0.10588412252730307,-2.1765790313263937,29,0.042222222222222223,0.002111111111111111
"{'open_window': 45, 'boll_length': 950}",495.0462600000001,495.0462600000001,0.7898804521541568,2.2192683368793595,1.3201233599999953,0.10529629844005922,-2.230673288909764,29,0.04,0.0020000000000000005
"{'open_window': 45, 'boll_length': 960}",480.9317199999999,480.9317199999999,0.773249561643799,2.1345822663439975,1.2824845866666656,0.10456515353387684,-2.253048418807089,29,0.04,0.002
"{'open_window': 45, 'boll_length': 930}",479.55895999999996,479.55895999999996,0.7644912145328042,2.185655173072273,1.2788238933333318,0.10546817136848607,-2.194119941280151,29,0.042222222222222223,0.002111111111111111
"{'open_window': 60, 'boll_length': 790}",478.93120000000005,478.93120000000005,0.7157079499205696,1.9846285226836788,1.277149866666664,0.11251289617189815,-2.413203249504712,29,0.03777777777777778,0.0018888888888888887
"{'open_window': 45, 'boll_length': 970}",471.0004600000001,471.0004600000001,0.7568095098067222,2.069945992185586,1.2560012266666654,0.10468041660084308,-2.275423908537276,29,0.04,0.002
"{'open_window': 60, 'boll_length': 800}",463.48029999999994,463.48029999999994,0.6919465835372676,1.96062403395663,1.2359474666666632,0.1127058861265085,-2.3639427650219815,29,0.04,0.002
"{'open_window': 60, 'boll_length': 720}",462.24335999999994,462.24335999999994,0.7427341768686669,2.0946998452788725,1.2326489600000023,0.10472515841053148,-2.20672838183392,29,0.042222222222222223,0.002111111111111111
"{'open_window': 60, 'boll_length': 20}",455.3560399999998,455.3560399999998,0.4631163130844914,1.8692867013117642,1.2142827733333306,0.16550794263817264,-2.435988228453424,503,1.6777777777777778,0.08388888888888889
"{'open_window': 60, 'boll_length': 730}",445.05952,445.05952,0.7147483660276013,1.9931045065205457,1.1868253866666656,0.104866860353516,-2.232996406078879,29,0.042222222222222223,0.002111111111111111
"{'open_window': 45, 'boll_length': 980}",436.5699000000001,436.5699000000001,0.7010330727924695,1.8996895525312363,1.164186400000003,0.10492197563778148,-2.2981118121026394,29,0.042222222222222223,0.002111111111111111
"{'open_window': 60, 'boll_length': 740}",436.20683999999994,436.20683999999994,0.6997817769055874,1.9267866824772781,1.163218239999999,0.10502401763187051,-2.263908319312061,29,0.042222222222222223,0.002111111111111111
"{'open_window': 60, 'boll_length': 780}",427.3828600000001,427.3828600000001,0.6956402446060437,1.7716718386590018,1.1396876266666687,0.10355621308999381,-2.4123138985123314,29,0.03333333333333333,0.0016666666666666668
"{'open_window': 60, 'boll_length': 300}",416.06540000000007,416.06540000000007,0.4597529527940658,0.6646174322196756,1.1095077333333296,0.15262239593745358,-6.260223999999999,53,0.10222222222222223,0.005111111111111111
"{'open_window': 60, 'boll_length': 750}",397.43222000000003,397.43222000000003,0.6331390979278178,1.667915746103345,1.059819253333334,0.1059586742788822,-2.38280753046728,29,0.042222222222222223,0.002111111111111111
"{'open_window': 60, 'boll_length': 810}",391.78729999999985,391.78729999999985,0.5819629220241284,1.5331342853097845,1.0447661333333316,0.11367011508441552,-2.5554663003367315,29,0.03777777777777778,0.0018888888888888887
"{'open_window': 15, 'boll_length': 70}",370.04444000000024,370.04444000000024,0.4052755361036452,1.0423508539811175,0.9867851733333312,0.1543307281330755,-3.5500948513321084,644,2.062222222222222,0.10311111111111113
"{'open_window': 60, 'boll_length': 770}",359.10654,359.10654,0.679110294027257,2.3789120157486083,0.9576174400000012,0.08942571853196477,-1.5095410743343314,88,0.03333333333333333,0.0016666666666666668
"{'open_window': 60, 'boll_length': 760}",309.80672,309.80672,0.5895215311714879,1.642040014814339,0.8261512533333359,0.08908655542583416,-1.8867184551226053,88,0.03777777777777778,0.0018888888888888887
"{'open_window': 60, 'boll_length': 830}",273.03694,273.03694,0.4126036602237845,1.0438609165486779,0.7280985066666663,0.1123799637239358,-2.6156448207941647,29,0.03777777777777778,0.0018888888888888887
"{'open_window': 60, 'boll_length': 840}",254.28907999999987,254.28907999999987,0.38378616333303006,0.965063535043989,0.6781042133333356,0.11262565256826074,-2.634946516639549,29,0.04,0.002
"{'open_window': 60, 'boll_length': 850}",235.31075999999993,235.31075999999993,0.35500558157399115,0.8854192445290294,0.6274953600000011,0.11277411073009641,-2.657619669483991,29,0.04,0.002
"{'open_window': 60, 'boll_length': 820}",234.45987999999997,234.45987999999997,0.3927136313828993,1.4523954384892477,0.625226346666666,0.10158123547158206,-1.6142978267948855,88,0.035555555555555556,0.0017777777777777779
"{'open_window': 60, 'boll_length': 990}",230.8343400000001,230.8343400000001,0.6053606842633227,1.564973292631219,0.6155582399999974,0.06489098494364116,-1.475004979873445,134,0.028888888888888888,0.0014444444444444446
"{'open_window': 30, 'boll_length': 40}",211.44539999999984,211.44539999999984,0.20693009849387475,0.6167165337331872,0.5638543999999968,0.17405486074933968,-3.4285670714882652,11,1.731111111111111,0.08655555555555557
"{'open_window': 60, 'boll_length': 960}",210.79841999999996,210.79841999999996,0.5519320753920266,1.4587831811185494,0.5621291200000005,0.06505895799347805,-1.4450291361212877,122,0.03111111111111111,0.0015555555555555557
"{'open_window': 60, 'boll_length': 950}",205.18182000000002,205.18182000000002,0.5398968473139591,1.4342480904202568,0.5471515199999999,0.06475500774588909,-1.4305880647181375,122,0.03111111111111111,0.0015555555555555557
"{'open_window': 60, 'boll_length': 940}",202.59449999999998,202.59449999999998,0.5349702155057074,1.4694358210772882,0.5402519999999988,0.06453548327061719,-1.3787230248101028,122,0.03111111111111111,0.0015555555555555557
"{'open_window': 60, 'boll_length': 980}",200.49908000000005,200.49908000000005,0.5227681681483203,1.2896024098596748,0.5346642133333349,0.06536548965014347,-1.5547356182578587,122,0.03111111111111111,0.0015555555555555557
"{'open_window': 60, 'boll_length': 970}",187.40686,187.40686,0.494543638015043,1.2176334257123351,0.4997516266666639,0.06462579703782326,-1.5391073868587577,122,0.03111111111111111,0.0015555555555555557
"{'open_window': 60, 'boll_length': 860}",176.01428000000004,176.01428000000004,0.2644362265070877,0.7209466263947585,0.4693714133333297,0.11357838806071563,-2.4414328822120184,29,0.044444444444444446,0.0022222222222222222
"{'open_window': 60, 'boll_length': 870}",166.0187400000001,166.0187400000001,0.24914881061940983,0.6742803566209341,0.44271664000000044,0.11375776414992882,-2.4621618940818757,29,0.042222222222222223,0.0021111111111111113
"{'open_window': 60, 'boll_length': 880}",159.91228000000004,159.91228000000004,0.24358585961612217,0.586195454632084,0.42643274666666875,0.11210973337932317,-2.727968610748903,58,0.04,0.0020000000000000005
"{'open_window': 60, 'boll_length': 890}",109.26681999999998,109.26681999999998,0.2900590482098411,0.6128088088477168,0.2913781866666672,0.06449158209063505,-1.7830491080155646,171,0.03333333333333333,0.0016666666666666668
"{'open_window': 60, 'boll_length': 900}",109.16303999999995,109.16303999999995,0.289006279040941,0.6076292849980716,0.2911014399999997,0.064665363164998,-1.7965401387845605,171,0.03333333333333333,0.0016666666666666668
"{'open_window': 60, 'boll_length': 910}",98.09073999999995,98.09073999999995,0.2597519473182143,0.5335589050744955,0.261575306666663,0.06468609758276864,-1.8384238191339566,384,0.03333333333333333,0.0016666666666666668
"{'open_window': 60, 'boll_length': 930}",83.57114000000001,83.57114000000001,0.22547197665132068,0.48340572880543087,0.2228563733333348,0.06353578923202784,-1.7287991229751776,335,0.03333333333333333,0.0016666666666666668
"{'open_window': 60, 'boll_length': 920}",79.33113999999989,79.33113999999989,0.21339246932259162,0.44395336247397754,0.21154970666666867,0.06373980507831072,-1.7869250850566711,335,0.03333333333333333,0.0016666666666666668
"{'open_window': 60, 'boll_length': 1000}",48.51814000000006,48.51814000000006,0.108137814419891,0.2750382984637323,0.12938170666666693,0.07704389534331356,-1.7640503257548297,134,0.03111111111111111,0.0015555555555555557
"{'open_window': 45, 'boll_length': 20}",-101.18913999999978,-101.18913999999978,-0.10537694111445635,-0.22142448065106646,-0.26983770666666906,0.16613381717742515,-4.569916555859992,729,2.2488888888888887,0.11244444444444446
"{'open_window': 15, 'boll_length': 60}",-208.33160000000035,-208.33160000000035,-0.21593611004917435,-0.3856080299498466,-0.5555509333333308,0.16782498528049436,-5.402677948047278,729,2.3533333333333335,0.11766666666666668
"{'open_window': 30, 'boll_length': 30}",-243.12333999999976,-243.12333999999976,-0.26228977895786243,-0.47016202038361193,-0.6483289066666664,0.16152584742284276,-5.171054433568073,655,2.2377777777777776,0.11188888888888891
"{'open_window': 15, 'boll_length': 50}",-729.270659999999,-729.270659999999,-0.7310755029649189,-0.8051278578168127,-1.9447217599999997,0.1656643142383078,-9.057824206673118,875,2.8422222222222224,0.1421111111111111
"{'open_window': 15, 'boll_length': 40}",-751.3316799999991,-751.3316799999991,-0.9338443742697391,-0.6340602265801157,-2.0035511466666645,0.14082878995264708,-11.849531771648914,874,3.4955555555555557,0.17477777777777778
"{'open_window': 30, 'boll_length': 20}",-1408.1883599999987,-1408.1883599999987,-1.876747427699482,-0.9099384509141609,-3.7551689600000007,0.1376160470105066,-15.475644078841565,874,3.431111111111111,0.1715555555555556
"{'open_window': 15, 'boll_length': 30}",-1716.7126799999992,-1716.7126799999992,-2.2001281646470896,-0.9312259079268366,-4.577900480000006,0.14620735242380486,-18.43497550258104,878,4.644444444444445,0.23222222222222222
"{'open_window': 15, 'boll_length': 20}",-3691.6973999999973,-3691.6973999999973,-5.043028761897597,-1.0083868593415057,-9.844526399999996,0.15559871233996025,-36.60993165272643,900,6.931111111111111,0.3465555555555555
